"url","routeType","httpStatus","finalUrl","canonicalUrl","canonicalUrls","canonicalCount","canonicalIsSelf","eligibleForIndexing","indexable","robotsAllowed","robotsMeta","sitemapIncluded","title","titleLength","metaDescription","descriptionLength","h1","openGraph","twitter","jsonLdTypes","incomingInternalLinkCount","outgoingInternalLinkCount","wordCount","modifiedDate","sitemapLastmod","duplicateTitle","duplicateDescription","orphanPage","redirectChain","structuredDataValidity","structuredDataErrors","sources","error"
"https://vidrial.vercel.app/","homepage","200","https://vidrial.vercel.app/","https://vidrial.vercel.app/","[""https://vidrial.vercel.app/""]","1","true","true","true","true","index,follow","true","Vidrial — AI video editing that understands your project","56","Turn authorised long-form video into explainable, editable clips with AI-assisted planning, captions and reframing.","115","[""Your footage. One prompt. A finished first cut.""]","{""title"":""Vidrial — AI video editing that understands your project"",""description"":""Turn authorised long-form video into explainable, editable clips with AI-assisted planning, captions and reframing."",""image"":""https://vidrial.vercel.app/social/vidrial-social-card.png"",""url"":""https://vidrial.vercel.app/""}","{""card"":""summary_large_image"",""title"":""Vidrial — AI video editing that understands your project"",""description"":""Turn authorised long-form video into explainable, editable clips with AI-assisted planning, captions and reframing."",""image"":""https://vidrial.vercel.app/social/vidrial-social-card.png""}","[""Organization"",""WebSite""]","78","24","909","""""","""""","false","false","false","[{""url"":""https://vidrial.vercel.app/"",""status"":200}]","valid-json","[]","[""crawl-seed"",""route-tree"",""sitemap""]",""""""
"https://vidrial.vercel.app/acceptable-use","trust-legal","200","https://vidrial.vercel.app/acceptable-use","https://vidrial.vercel.app/acceptable-use","[""https://vidrial.vercel.app/acceptable-use""]","1","true","true","true","true","index,follow","true","Vidrial Acceptable Use Policy","29","Review the media rights, safety, abuse, impersonation and copyright rules that apply when using Vidrial.","104","[""Acceptable use policy""]","{""title"":""Vidrial Acceptable Use Policy"",""description"":""Review the media rights, safety, abuse, impersonation and copyright rules that apply when using Vidrial."",""image"":""https://vidrial.vercel.app/social/vidrial-social-card.png"",""url"":""https://vidrial.vercel.app/acceptable-use""}","{""card"":""summary_large_image"",""title"":""Vidrial Acceptable Use Policy"",""description"":""Review the media rights, safety, abuse, impersonation and copyright rules that apply when using Vidrial."",""image"":""https://vidrial.vercel.app/social/vidrial-social-card.png""}","[""Organization"",""WebSite""]","53","23","186","""""","""""","false","false","false","[{""url"":""https://vidrial.vercel.app/acceptable-use"",""status"":200}]","valid-json","[]","[""route-tree"",""sitemap""]",""""""
"https://vidrial.vercel.app/ai-transparency","trust-legal","200","https://vidrial.vercel.app/ai-transparency","https://vidrial.vercel.app/ai-transparency","[""https://vidrial.vercel.app/ai-transparency""]","1","true","true","true","true","index,follow","true","AI Transparency at Vidrial","26","See where Vidrial uses AI, what project context models receive, how edit plans stay reviewable and how generated media is labelled.","131","[""When AI is used, and when it isn't.""]","{""title"":""AI Transparency at Vidrial"",""description"":""See where Vidrial uses AI, what project context models receive, how edit plans stay reviewable and how generated media is labelled."",""image"":""https://vidrial.vercel.app/social/vidrial-social-card.png"",""url"":""https://vidrial.vercel.app/ai-transparency""}","{""card"":""summary_large_image"",""title"":""AI Transparency at Vidrial"",""description"":""See where Vidrial uses AI, what project context models receive, how edit plans stay reviewable and how generated media is labelled."",""image"":""https://vidrial.vercel.app/social/vidrial-social-card.png""}","[""Organization"",""WebSite""]","53","24","325","""""","""""","false","false","false","[{""url"":""https://vidrial.vercel.app/ai-transparency"",""status"":200}]","valid-json","[]","[""route-tree"",""sitemap""]",""""""
"https://vidrial.vercel.app/app","authenticated-app","200","https://vidrial.vercel.app/login","https://vidrial.vercel.app/login","[""https://vidrial.vercel.app/login""]","1","false","false","false","true","noindex,nofollow","false","Log in — Vidrial","16","Turn authorised long-form video into explainable, editable short clips with AI-assisted planning, captions and reframing.","121","[""Welcome back.""]","{""title"":""Vidrial — AI video editing that understands your project"",""description"":""Turn authorised long-form video into explainable, editable short clips with AI-assisted planning, captions and reframing."",""image"":""https://vidrial.vercel.app/social/vidrial-social-card.png"",""url"":""https://vidrial.vercel.app/""}","{""card"":""summary_large_image"",""title"":""Vidrial — AI video editing that understands your project"",""description"":""Turn authorised long-form video into explainable, editable short clips with AI-assisted planning, captions and reframing."",""image"":""https://vidrial.vercel.app/social/vidrial-social-card.png""}","[""Organization"",""WebSite""]","0","4","101","""""","""""","false","false","false","[{""url"":""https://vidrial.vercel.app/app"",""status"":307},{""url"":""https://vidrial.vercel.app/login?redirect=%2Fapp"",""status"":200}]","valid-json","[]","[""route-tree""]",""""""
"https://vidrial.vercel.app/app/automations","authenticated-app","200","https://vidrial.vercel.app/login","https://vidrial.vercel.app/login","[""https://vidrial.vercel.app/login""]","1","false","false","false","false","noindex,nofollow","false","Log in — Vidrial","16","Turn authorised long-form video into explainable, editable short clips with AI-assisted planning, captions and reframing.","121","[""Welcome back.""]","{""title"":""Vidrial — AI video editing that understands your project"",""description"":""Turn authorised long-form video into explainable, editable short clips with AI-assisted planning, captions and reframing."",""image"":""https://vidrial.vercel.app/social/vidrial-social-card.png"",""url"":""https://vidrial.vercel.app/""}","{""card"":""summary_large_image"",""title"":""Vidrial — AI video editing that understands your project"",""description"":""Turn authorised long-form video into explainable, editable short clips with AI-assisted planning, captions and reframing."",""image"":""https://vidrial.vercel.app/social/vidrial-social-card.png""}","[""Organization"",""WebSite""]","0","4","101","""""","""""","false","false","false","[{""url"":""https://vidrial.vercel.app/app/automations"",""status"":307},{""url"":""https://vidrial.vercel.app/login?redirect=%2Fapp%2Fautomations"",""status"":200}]","valid-json","[]","[""route-tree""]",""""""
"https://vidrial.vercel.app/app/automations/new","authenticated-app","200","https://vidrial.vercel.app/login","https://vidrial.vercel.app/login","[""https://vidrial.vercel.app/login""]","1","false","false","false","false","noindex,nofollow","false","Log in — Vidrial","16","Turn authorised long-form video into explainable, editable short clips with AI-assisted planning, captions and reframing.","121","[""Welcome back.""]","{""title"":""Vidrial — AI video editing that understands your project"",""description"":""Turn authorised long-form video into explainable, editable short clips with AI-assisted planning, captions and reframing."",""image"":""https://vidrial.vercel.app/social/vidrial-social-card.png"",""url"":""https://vidrial.vercel.app/""}","{""card"":""summary_large_image"",""title"":""Vidrial — AI video editing that understands your project"",""description"":""Turn authorised long-form video into explainable, editable short clips with AI-assisted planning, captions and reframing."",""image"":""https://vidrial.vercel.app/social/vidrial-social-card.png""}","[""Organization"",""WebSite""]","0","4","101","""""","""""","false","false","false","[{""url"":""https://vidrial.vercel.app/app/automations/new"",""status"":307},{""url"":""https://vidrial.vercel.app/login?redirect=%2Fapp%2Fautomations%2Fnew"",""status"":200}]","valid-json","[]","[""route-tree""]",""""""
"https://vidrial.vercel.app/app/billing","authenticated-app","200","https://vidrial.vercel.app/login","https://vidrial.vercel.app/login","[""https://vidrial.vercel.app/login""]","1","false","false","false","false","noindex,nofollow","false","Log in — Vidrial","16","Turn authorised long-form video into explainable, editable short clips with AI-assisted planning, captions and reframing.","121","[""Welcome back.""]","{""title"":""Vidrial — AI video editing that understands your project"",""description"":""Turn authorised long-form video into explainable, editable short clips with AI-assisted planning, captions and reframing."",""image"":""https://vidrial.vercel.app/social/vidrial-social-card.png"",""url"":""https://vidrial.vercel.app/""}","{""card"":""summary_large_image"",""title"":""Vidrial — AI video editing that understands your project"",""description"":""Turn authorised long-form video into explainable, editable short clips with AI-assisted planning, captions and reframing."",""image"":""https://vidrial.vercel.app/social/vidrial-social-card.png""}","[""Organization"",""WebSite""]","0","4","101","""""","""""","false","false","false","[{""url"":""https://vidrial.vercel.app/app/billing"",""status"":307},{""url"":""https://vidrial.vercel.app/login?redirect=%2Fapp%2Fbilling"",""status"":200}]","valid-json","[]","[""route-tree""]",""""""
"https://vidrial.vercel.app/app/feedback","authenticated-app","200","https://vidrial.vercel.app/login","https://vidrial.vercel.app/login","[""https://vidrial.vercel.app/login""]","1","false","false","false","false","noindex,nofollow","false","Log in — Vidrial","16","Turn authorised long-form video into explainable, editable short clips with AI-assisted planning, captions and reframing.","121","[""Welcome back.""]","{""title"":""Vidrial — AI video editing that understands your project"",""description"":""Turn authorised long-form video into explainable, editable short clips with AI-assisted planning, captions and reframing."",""image"":""https://vidrial.vercel.app/social/vidrial-social-card.png"",""url"":""https://vidrial.vercel.app/""}","{""card"":""summary_large_image"",""title"":""Vidrial — AI video editing that understands your project"",""description"":""Turn authorised long-form video into explainable, editable short clips with AI-assisted planning, captions and reframing."",""image"":""https://vidrial.vercel.app/social/vidrial-social-card.png""}","[""Organization"",""WebSite""]","0","4","101","""""","""""","false","false","false","[{""url"":""https://vidrial.vercel.app/app/feedback"",""status"":307},{""url"":""https://vidrial.vercel.app/login?redirect=%2Fapp%2Ffeedback"",""status"":200}]","valid-json","[]","[""route-tree""]",""""""
"https://vidrial.vercel.app/app/help","authenticated-app","200","https://vidrial.vercel.app/login","https://vidrial.vercel.app/login","[""https://vidrial.vercel.app/login""]","1","false","false","false","false","noindex,nofollow","false","Log in — Vidrial","16","Turn authorised long-form video into explainable, editable short clips with AI-assisted planning, captions and reframing.","121","[""Welcome back.""]","{""title"":""Vidrial — AI video editing that understands your project"",""description"":""Turn authorised long-form video into explainable, editable short clips with AI-assisted planning, captions and reframing."",""image"":""https://vidrial.vercel.app/social/vidrial-social-card.png"",""url"":""https://vidrial.vercel.app/""}","{""card"":""summary_large_image"",""title"":""Vidrial — AI video editing that understands your project"",""description"":""Turn authorised long-form video into explainable, editable short clips with AI-assisted planning, captions and reframing."",""image"":""https://vidrial.vercel.app/social/vidrial-social-card.png""}","[""Organization"",""WebSite""]","0","4","101","""""","""""","false","false","false","[{""url"":""https://vidrial.vercel.app/app/help"",""status"":307},{""url"":""https://vidrial.vercel.app/login?redirect=%2Fapp%2Fhelp"",""status"":200}]","valid-json","[]","[""route-tree""]",""""""
"https://vidrial.vercel.app/app/projects","authenticated-app","200","https://vidrial.vercel.app/login","https://vidrial.vercel.app/login","[""https://vidrial.vercel.app/login""]","1","false","false","false","false","noindex,nofollow","false","Log in — Vidrial","16","Turn authorised long-form video into explainable, editable short clips with AI-assisted planning, captions and reframing.","121","[""Welcome back.""]","{""title"":""Vidrial — AI video editing that understands your project"",""description"":""Turn authorised long-form video into explainable, editable short clips with AI-assisted planning, captions and reframing."",""image"":""https://vidrial.vercel.app/social/vidrial-social-card.png"",""url"":""https://vidrial.vercel.app/""}","{""card"":""summary_large_image"",""title"":""Vidrial — AI video editing that understands your project"",""description"":""Turn authorised long-form video into explainable, editable short clips with AI-assisted planning, captions and reframing."",""image"":""https://vidrial.vercel.app/social/vidrial-social-card.png""}","[""Organization"",""WebSite""]","0","4","101","""""","""""","false","false","false","[{""url"":""https://vidrial.vercel.app/app/projects"",""status"":307},{""url"":""https://vidrial.vercel.app/login?redirect=%2Fapp%2Fprojects"",""status"":200}]","valid-json","[]","[""route-tree""]",""""""
"https://vidrial.vercel.app/app/projects/new","authenticated-app","200","https://vidrial.vercel.app/login","https://vidrial.vercel.app/login","[""https://vidrial.vercel.app/login""]","1","false","false","false","false","noindex,nofollow","false","Log in — Vidrial","16","Turn authorised long-form video into explainable, editable short clips with AI-assisted planning, captions and reframing.","121","[""Welcome back.""]","{""title"":""Vidrial — AI video editing that understands your project"",""description"":""Turn authorised long-form video into explainable, editable short clips with AI-assisted planning, captions and reframing."",""image"":""https://vidrial.vercel.app/social/vidrial-social-card.png"",""url"":""https://vidrial.vercel.app/""}","{""card"":""summary_large_image"",""title"":""Vidrial — AI video editing that understands your project"",""description"":""Turn authorised long-form video into explainable, editable short clips with AI-assisted planning, captions and reframing."",""image"":""https://vidrial.vercel.app/social/vidrial-social-card.png""}","[""Organization"",""WebSite""]","0","4","101","""""","""""","false","false","false","[{""url"":""https://vidrial.vercel.app/app/projects/new"",""status"":307},{""url"":""https://vidrial.vercel.app/login?redirect=%2Fapp%2Fprojects%2Fnew"",""status"":200}]","valid-json","[]","[""route-tree""]",""""""
"https://vidrial.vercel.app/app/settings","authenticated-app","200","https://vidrial.vercel.app/login","https://vidrial.vercel.app/login","[""https://vidrial.vercel.app/login""]","1","false","false","false","false","noindex,nofollow","false","Log in — Vidrial","16","Turn authorised long-form video into explainable, editable short clips with AI-assisted planning, captions and reframing.","121","[""Welcome back.""]","{""title"":""Vidrial — AI video editing that understands your project"",""description"":""Turn authorised long-form video into explainable, editable short clips with AI-assisted planning, captions and reframing."",""image"":""https://vidrial.vercel.app/social/vidrial-social-card.png"",""url"":""https://vidrial.vercel.app/""}","{""card"":""summary_large_image"",""title"":""Vidrial — AI video editing that understands your project"",""description"":""Turn authorised long-form video into explainable, editable short clips with AI-assisted planning, captions and reframing."",""image"":""https://vidrial.vercel.app/social/vidrial-social-card.png""}","[""Organization"",""WebSite""]","0","4","101","""""","""""","false","false","false","[{""url"":""https://vidrial.vercel.app/app/settings"",""status"":307},{""url"":""https://vidrial.vercel.app/login?redirect=%2Fapp%2Fsettings"",""status"":200}]","valid-json","[]","[""route-tree""]",""""""
"https://vidrial.vercel.app/app/settings/integrations","authenticated-app","200","https://vidrial.vercel.app/login","https://vidrial.vercel.app/login","[""https://vidrial.vercel.app/login""]","1","false","false","false","false","noindex,nofollow","false","Log in — Vidrial","16","Turn authorised long-form video into explainable, editable short clips with AI-assisted planning, captions and reframing.","121","[""Welcome back.""]","{""title"":""Vidrial — AI video editing that understands your project"",""description"":""Turn authorised long-form video into explainable, editable short clips with AI-assisted planning, captions and reframing."",""image"":""https://vidrial.vercel.app/social/vidrial-social-card.png"",""url"":""https://vidrial.vercel.app/""}","{""card"":""summary_large_image"",""title"":""Vidrial — AI video editing that understands your project"",""description"":""Turn authorised long-form video into explainable, editable short clips with AI-assisted planning, captions and reframing."",""image"":""https://vidrial.vercel.app/social/vidrial-social-card.png""}","[""Organization"",""WebSite""]","0","4","101","""""","""""","false","false","false","[{""url"":""https://vidrial.vercel.app/app/settings/integrations"",""status"":307},{""url"":""https://vidrial.vercel.app/login?redirect=%2Fapp%2Fsettings%2Fintegrations"",""status"":200}]","valid-json","[]","[""route-tree""]",""""""
"https://vidrial.vercel.app/app/settings/notifications","authenticated-app","200","https://vidrial.vercel.app/login","https://vidrial.vercel.app/login","[""https://vidrial.vercel.app/login""]","1","false","false","false","false","noindex,nofollow","false","Log in — Vidrial","16","Turn authorised long-form video into explainable, editable short clips with AI-assisted planning, captions and reframing.","121","[""Welcome back.""]","{""title"":""Vidrial — AI video editing that understands your project"",""description"":""Turn authorised long-form video into explainable, editable short clips with AI-assisted planning, captions and reframing."",""image"":""https://vidrial.vercel.app/social/vidrial-social-card.png"",""url"":""https://vidrial.vercel.app/""}","{""card"":""summary_large_image"",""title"":""Vidrial — AI video editing that understands your project"",""description"":""Turn authorised long-form video into explainable, editable short clips with AI-assisted planning, captions and reframing."",""image"":""https://vidrial.vercel.app/social/vidrial-social-card.png""}","[""Organization"",""WebSite""]","0","4","101","""""","""""","false","false","false","[{""url"":""https://vidrial.vercel.app/app/settings/notifications"",""status"":307},{""url"":""https://vidrial.vercel.app/login?redirect=%2Fapp%2Fsettings%2Fnotifications"",""status"":200}]","valid-json","[]","[""route-tree""]",""""""
"https://vidrial.vercel.app/app/settings/preferences","authenticated-app","200","https://vidrial.vercel.app/login","https://vidrial.vercel.app/login","[""https://vidrial.vercel.app/login""]","1","false","false","false","false","noindex,nofollow","false","Log in — Vidrial","16","Turn authorised long-form video into explainable, editable short clips with AI-assisted planning, captions and reframing.","121","[""Welcome back.""]","{""title"":""Vidrial — AI video editing that understands your project"",""description"":""Turn authorised long-form video into explainable, editable short clips with AI-assisted planning, captions and reframing."",""image"":""https://vidrial.vercel.app/social/vidrial-social-card.png"",""url"":""https://vidrial.vercel.app/""}","{""card"":""summary_large_image"",""title"":""Vidrial — AI video editing that understands your project"",""description"":""Turn authorised long-form video into explainable, editable short clips with AI-assisted planning, captions and reframing."",""image"":""https://vidrial.vercel.app/social/vidrial-social-card.png""}","[""Organization"",""WebSite""]","0","4","101","""""","""""","false","false","false","[{""url"":""https://vidrial.vercel.app/app/settings/preferences"",""status"":307},{""url"":""https://vidrial.vercel.app/login?redirect=%2Fapp%2Fsettings%2Fpreferences"",""status"":200}]","valid-json","[]","[""route-tree""]",""""""
"https://vidrial.vercel.app/app/settings/privacy","authenticated-app","200","https://vidrial.vercel.app/login","https://vidrial.vercel.app/login","[""https://vidrial.vercel.app/login""]","1","false","false","false","false","noindex,nofollow","false","Log in — Vidrial","16","Turn authorised long-form video into explainable, editable short clips with AI-assisted planning, captions and reframing.","121","[""Welcome back.""]","{""title"":""Vidrial — AI video editing that understands your project"",""description"":""Turn authorised long-form video into explainable, editable short clips with AI-assisted planning, captions and reframing."",""image"":""https://vidrial.vercel.app/social/vidrial-social-card.png"",""url"":""https://vidrial.vercel.app/""}","{""card"":""summary_large_image"",""title"":""Vidrial — AI video editing that understands your project"",""description"":""Turn authorised long-form video into explainable, editable short clips with AI-assisted planning, captions and reframing."",""image"":""https://vidrial.vercel.app/social/vidrial-social-card.png""}","[""Organization"",""WebSite""]","0","4","101","""""","""""","false","false","false","[{""url"":""https://vidrial.vercel.app/app/settings/privacy"",""status"":307},{""url"":""https://vidrial.vercel.app/login?redirect=%2Fapp%2Fsettings%2Fprivacy"",""status"":200}]","valid-json","[]","[""route-tree""]",""""""
"https://vidrial.vercel.app/app/templates","authenticated-app","200","https://vidrial.vercel.app/login","https://vidrial.vercel.app/login","[""https://vidrial.vercel.app/login""]","1","false","false","false","false","noindex,nofollow","false","Log in — Vidrial","16","Turn authorised long-form video into explainable, editable short clips with AI-assisted planning, captions and reframing.","121","[""Welcome back.""]","{""title"":""Vidrial — AI video editing that understands your project"",""description"":""Turn authorised long-form video into explainable, editable short clips with AI-assisted planning, captions and reframing."",""image"":""https://vidrial.vercel.app/social/vidrial-social-card.png"",""url"":""https://vidrial.vercel.app/""}","{""card"":""summary_large_image"",""title"":""Vidrial — AI video editing that understands your project"",""description"":""Turn authorised long-form video into explainable, editable short clips with AI-assisted planning, captions and reframing."",""image"":""https://vidrial.vercel.app/social/vidrial-social-card.png""}","[""Organization"",""WebSite""]","0","4","101","""""","""""","false","false","false","[{""url"":""https://vidrial.vercel.app/app/templates"",""status"":307},{""url"":""https://vidrial.vercel.app/login?redirect=%2Fapp%2Ftemplates"",""status"":200}]","valid-json","[]","[""route-tree""]",""""""
"https://vidrial.vercel.app/app/uploads","authenticated-app","200","https://vidrial.vercel.app/login","https://vidrial.vercel.app/login","[""https://vidrial.vercel.app/login""]","1","false","false","false","false","noindex,nofollow","false","Log in — Vidrial","16","Turn authorised long-form video into explainable, editable short clips with AI-assisted planning, captions and reframing.","121","[""Welcome back.""]","{""title"":""Vidrial — AI video editing that understands your project"",""description"":""Turn authorised long-form video into explainable, editable short clips with AI-assisted planning, captions and reframing."",""image"":""https://vidrial.vercel.app/social/vidrial-social-card.png"",""url"":""https://vidrial.vercel.app/""}","{""card"":""summary_large_image"",""title"":""Vidrial — AI video editing that understands your project"",""description"":""Turn authorised long-form video into explainable, editable short clips with AI-assisted planning, captions and reframing."",""image"":""https://vidrial.vercel.app/social/vidrial-social-card.png""}","[""Organization"",""WebSite""]","0","4","101","""""","""""","false","false","false","[{""url"":""https://vidrial.vercel.app/app/uploads"",""status"":307},{""url"":""https://vidrial.vercel.app/login?redirect=%2Fapp%2Fuploads"",""status"":200}]","valid-json","[]","[""route-tree""]",""""""
"https://vidrial.vercel.app/app/usage","authenticated-app","200","https://vidrial.vercel.app/login","https://vidrial.vercel.app/login","[""https://vidrial.vercel.app/login""]","1","false","false","false","false","noindex,nofollow","false","Log in — Vidrial","16","Turn authorised long-form video into explainable, editable short clips with AI-assisted planning, captions and reframing.","121","[""Welcome back.""]","{""title"":""Vidrial — AI video editing that understands your project"",""description"":""Turn authorised long-form video into explainable, editable short clips with AI-assisted planning, captions and reframing."",""image"":""https://vidrial.vercel.app/social/vidrial-social-card.png"",""url"":""https://vidrial.vercel.app/""}","{""card"":""summary_large_image"",""title"":""Vidrial — AI video editing that understands your project"",""description"":""Turn authorised long-form video into explainable, editable short clips with AI-assisted planning, captions and reframing."",""image"":""https://vidrial.vercel.app/social/vidrial-social-card.png""}","[""Organization"",""WebSite""]","0","4","101","""""","""""","false","false","false","[{""url"":""https://vidrial.vercel.app/app/usage"",""status"":307},{""url"":""https://vidrial.vercel.app/login?redirect=%2Fapp%2Fusage"",""status"":200}]","valid-json","[]","[""route-tree""]",""""""
"https://vidrial.vercel.app/app/youtube-clipper","authenticated-app","200","https://vidrial.vercel.app/login","https://vidrial.vercel.app/login","[""https://vidrial.vercel.app/login""]","1","false","false","false","false","noindex,nofollow","false","Log in — Vidrial","16","Turn authorised long-form video into explainable, editable short clips with AI-assisted planning, captions and reframing.","121","[""Welcome back.""]","{""title"":""Vidrial — AI video editing that understands your project"",""description"":""Turn authorised long-form video into explainable, editable short clips with AI-assisted planning, captions and reframing."",""image"":""https://vidrial.vercel.app/social/vidrial-social-card.png"",""url"":""https://vidrial.vercel.app/""}","{""card"":""summary_large_image"",""title"":""Vidrial — AI video editing that understands your project"",""description"":""Turn authorised long-form video into explainable, editable short clips with AI-assisted planning, captions and reframing."",""image"":""https://vidrial.vercel.app/social/vidrial-social-card.png""}","[""Organization"",""WebSite""]","0","4","101","""""","""""","false","false","false","[{""url"":""https://vidrial.vercel.app/app/youtube-clipper"",""status"":307},{""url"":""https://vidrial.vercel.app/login?redirect=%2Fapp%2Fyoutube-clipper"",""status"":200}]","valid-json","[]","[""route-tree""]",""""""
"https://vidrial.vercel.app/app/youtube-clipper/new","authenticated-app","200","https://vidrial.vercel.app/login","https://vidrial.vercel.app/login","[""https://vidrial.vercel.app/login""]","1","false","false","false","false","noindex,nofollow","false","Log in — Vidrial","16","Turn authorised long-form video into explainable, editable short clips with AI-assisted planning, captions and reframing.","121","[""Welcome back.""]","{""title"":""Vidrial — AI video editing that understands your project"",""description"":""Turn authorised long-form video into explainable, editable short clips with AI-assisted planning, captions and reframing."",""image"":""https://vidrial.vercel.app/social/vidrial-social-card.png"",""url"":""https://vidrial.vercel.app/""}","{""card"":""summary_large_image"",""title"":""Vidrial — AI video editing that understands your project"",""description"":""Turn authorised long-form video into explainable, editable short clips with AI-assisted planning, captions and reframing."",""image"":""https://vidrial.vercel.app/social/vidrial-social-card.png""}","[""Organization"",""WebSite""]","0","4","101","""""","""""","false","false","false","[{""url"":""https://vidrial.vercel.app/app/youtube-clipper/new"",""status"":307},{""url"":""https://vidrial.vercel.app/login?redirect=%2Fapp%2Fyoutube-clipper%2Fnew"",""status"":200}]","valid-json","[]","[""route-tree""]",""""""
"https://vidrial.vercel.app/auth/callback","marketing-public","200","https://vidrial.vercel.app/login","https://vidrial.vercel.app/login","[""https://vidrial.vercel.app/login""]","1","false","false","false","false","noindex,nofollow","false","Log in — Vidrial","16","Turn authorised long-form video into explainable, editable short clips with AI-assisted planning, captions and reframing.","121","[""Welcome back.""]","{""title"":""Vidrial — AI video editing that understands your project"",""description"":""Turn authorised long-form video into explainable, editable short clips with AI-assisted planning, captions and reframing."",""image"":""https://vidrial.vercel.app/social/vidrial-social-card.png"",""url"":""https://vidrial.vercel.app/""}","{""card"":""summary_large_image"",""title"":""Vidrial — AI video editing that understands your project"",""description"":""Turn authorised long-form video into explainable, editable short clips with AI-assisted planning, captions and reframing."",""image"":""https://vidrial.vercel.app/social/vidrial-social-card.png""}","[""Organization"",""WebSite""]","0","4","109","""""","""""","false","false","false","[{""url"":""https://vidrial.vercel.app/auth/callback"",""status"":307},{""url"":""https://vidrial.vercel.app/login?authError=The+secure+sign-in+link+was+invalid+or+expired."",""status"":200}]","valid-json","[]","[""route-tree""]",""""""
"https://vidrial.vercel.app/auth/youtube/callback","marketing-public","200","https://vidrial.vercel.app/login","https://vidrial.vercel.app/login","[""https://vidrial.vercel.app/login""]","1","false","false","false","false","noindex,nofollow","false","Log in — Vidrial","16","Turn authorised long-form video into explainable, editable short clips with AI-assisted planning, captions and reframing.","121","[""Welcome back.""]","{""title"":""Vidrial — AI video editing that understands your project"",""description"":""Turn authorised long-form video into explainable, editable short clips with AI-assisted planning, captions and reframing."",""image"":""https://vidrial.vercel.app/social/vidrial-social-card.png"",""url"":""https://vidrial.vercel.app/""}","{""card"":""summary_large_image"",""title"":""Vidrial — AI video editing that understands your project"",""description"":""Turn authorised long-form video into explainable, editable short clips with AI-assisted planning, captions and reframing."",""image"":""https://vidrial.vercel.app/social/vidrial-social-card.png""}","[""Organization"",""WebSite""]","0","4","101","""""","""""","false","false","false","[{""url"":""https://vidrial.vercel.app/auth/youtube/callback"",""status"":307},{""url"":""https://vidrial.vercel.app/app/settings/integrations?youtubeError=YouTube+permission+was+not+granted.+You+can+retry+when+ready."",""status"":307},{""url"":""https://vidrial.vercel.app/login?redirect=%2Fapp%2Fsettings%2Fintegrations%3FyoutubeError%3DYouTube%2Bpermission%2Bwas%2Bnot%2Bgranted.%2BYou%2Bcan%2Bretry%2Bwhen%2Bready."",""status"":200}]","valid-json","[]","[""route-tree""]",""""""
"https://vidrial.vercel.app/blog","blog-index","200","https://vidrial.vercel.app/blog","https://vidrial.vercel.app/blog","[""https://vidrial.vercel.app/blog""]","1","true","true","true","true","index,follow","true","Vidrial Blog — Practical AI Video Editing Guides","48","Practical, sourced guides for AI video clipping, captions, podcast repurposing, YouTube Shorts and editable creator workflows.","126","[""Better clips start with better decisions.""]","{""title"":""Vidrial Blog — Practical AI Video Editing Guides"",""description"":""Practical, sourced guides for AI video clipping, captions, podcast repurposing, YouTube Shorts and editable creator workflows."",""image"":""https://vidrial.vercel.app/social/vidrial-social-card.png"",""url"":""https://vidrial.vercel.app/blog""}","{""card"":""summary_large_image"",""title"":""Vidrial Blog — Practical AI Video Editing Guides"",""description"":""Practical, sourced guides for AI video clipping, captions, podcast repurposing, YouTube Shorts and editable creator workflows."",""image"":""https://vidrial.vercel.app/social/vidrial-social-card.png""}","[""Organization"",""WebSite""]","53","45","1141","""""","2026-07-31","false","false","false","[{""url"":""https://vidrial.vercel.app/blog"",""status"":200}]","valid-json","[]","[""route-tree"",""rss"",""sitemap""]",""""""
"https://vidrial.vercel.app/blog/add-captions-to-youtube-shorts-automatically","blog-article","200","https://vidrial.vercel.app/blog/add-captions-to-youtube-shorts-automatically","https://vidrial.vercel.app/blog/add-captions-to-youtube-shorts-automatically","[""https://vidrial.vercel.app/blog/add-captions-to-youtube-shorts-automatically""]","1","true","true","true","true","index,follow","true","How to Add Captions to YouTube Shorts Automatically | Vidrial","61","A practical guide to YouTube automatic captions, uploaded caption tracks, and burned-in captions, including the accuracy and timing checks each method needs.","157","[""How to Add Captions to YouTube Shorts Automatically""]","{""title"":""How to Add Captions to YouTube Shorts Automatically | Vidrial"",""description"":""A practical guide to YouTube automatic captions, uploaded caption tracks, and burned-in captions, including the accuracy and timing checks each method needs."",""image"":""https://vidrial.vercel.app/social/vidrial-social-card.png"",""url"":""https://vidrial.vercel.app/blog/add-captions-to-youtube-shorts-automatically""}","{""card"":""summary_large_image"",""title"":""How to Add Captions to YouTube Shorts Automatically | Vidrial"",""description"":""A practical guide to YouTube automatic captions, uploaded caption tracks, and burned-in captions, including the accuracy and timing checks each method needs."",""image"":""https://vidrial.vercel.app/social/vidrial-social-card.png""}","[""Organization"",""WebSite"",""BlogPosting"",""BreadcrumbList""]","6","30","2391","2026-07-31","2026-07-31","false","false","false","[{""url"":""https://vidrial.vercel.app/blog/add-captions-to-youtube-shorts-automatically"",""status"":200}]","valid-json","[]","[""rss"",""sitemap""]",""""""
"https://vidrial.vercel.app/blog/ai-video-clipping-vs-manual-editing","blog-article","200","https://vidrial.vercel.app/blog/ai-video-clipping-vs-manual-editing","https://vidrial.vercel.app/blog/ai-video-clipping-vs-manual-editing","[""https://vidrial.vercel.app/blog/ai-video-clipping-vs-manual-editing""]","1","true","true","true","true","index,follow","true","AI Video Clipping vs Manual Video Editing: When to Use Each | Vidrial","69","A practical decision guide for choosing AI clipping, manual editing, or a hybrid workflow based on context, risk, repetition, and creative control.","147","[""AI Video Clipping vs Manual Video Editing: When to Use Each""]","{""title"":""AI Video Clipping vs Manual Video Editing: When to Use Each | Vidrial"",""description"":""A practical decision guide for choosing AI clipping, manual editing, or a hybrid workflow based on context, risk, repetition, and creative control."",""image"":""https://vidrial.vercel.app/social/vidrial-social-card.png"",""url"":""https://vidrial.vercel.app/blog/ai-video-clipping-vs-manual-editing""}","{""card"":""summary_large_image"",""title"":""AI Video Clipping vs Manual Video Editing: When to Use Each | Vidrial"",""description"":""A practical decision guide for choosing AI clipping, manual editing, or a hybrid workflow based on context, risk, repetition, and creative control."",""image"":""https://vidrial.vercel.app/social/vidrial-social-card.png""}","[""Organization"",""WebSite"",""BlogPosting"",""BreadcrumbList""]","7","29","2283","2026-07-31","2026-07-31","false","false","false","[{""url"":""https://vidrial.vercel.app/blog/ai-video-clipping-vs-manual-editing"",""status"":200}]","valid-json","[]","[""rss"",""sitemap""]",""""""
"https://vidrial.vercel.app/blog/ai-video-editing-for-beginners","blog-article","200","https://vidrial.vercel.app/blog/ai-video-editing-for-beginners","https://vidrial.vercel.app/blog/ai-video-editing-for-beginners","[""https://vidrial.vercel.app/blog/ai-video-editing-for-beginners""]","1","true","true","true","true","index,follow","true","AI Video Editing for Beginners: From Raw Footage to Published Clips | Vidrial","77","A beginner-friendly AI video editing workflow that explains transcripts, timelines, captions, framing, export, and the checks needed before publishing.","151","[""AI Video Editing for Beginners: From Raw Footage to Published Clips""]","{""title"":""AI Video Editing for Beginners: From Raw Footage to Published Clips | Vidrial"",""description"":""A beginner-friendly AI video editing workflow that explains transcripts, timelines, captions, framing, export, and the checks needed before publishing."",""image"":""https://vidrial.vercel.app/social/vidrial-social-card.png"",""url"":""https://vidrial.vercel.app/blog/ai-video-editing-for-beginners""}","{""card"":""summary_large_image"",""title"":""AI Video Editing for Beginners: From Raw Footage to Published Clips | Vidrial"",""description"":""A beginner-friendly AI video editing workflow that explains transcripts, timelines, captions, framing, export, and the checks needed before publishing."",""image"":""https://vidrial.vercel.app/social/vidrial-social-card.png""}","[""Organization"",""WebSite"",""BlogPosting"",""BreadcrumbList""]","6","29","2434","2026-07-31","2026-07-31","false","false","false","[{""url"":""https://vidrial.vercel.app/blog/ai-video-editing-for-beginners"",""status"":200}]","valid-json","[]","[""rss"",""sitemap""]",""""""
"https://vidrial.vercel.app/blog/category/ai-video-clipping","blog-category","200","https://vidrial.vercel.app/blog/category/ai-video-clipping","https://vidrial.vercel.app/blog/category/ai-video-clipping","[""https://vidrial.vercel.app/blog/category/ai-video-clipping""]","1","true","true","true","true","index,follow","true","AI Video Clipping Guides | Vidrial Blog","39","Practical, sourced Vidrial guides about ai video clipping.","58","[""Better clips start with better decisions.""]","{""title"":""AI Video Clipping Guides | Vidrial Blog"",""description"":""Practical, sourced Vidrial guides about ai video clipping."",""image"":""https://vidrial.vercel.app/social/vidrial-social-card.png"",""url"":""https://vidrial.vercel.app/blog/category/ai-video-clipping""}","{""card"":""summary_large_image"",""title"":""AI Video Clipping Guides | Vidrial Blog"",""description"":""Practical, sourced Vidrial guides about ai video clipping."",""image"":""https://vidrial.vercel.app/social/vidrial-social-card.png""}","[""Organization"",""WebSite""]","7","29","369","""""","2026-07-31","false","false","false","[{""url"":""https://vidrial.vercel.app/blog/category/ai-video-clipping"",""status"":200}]","valid-json","[]","[""sitemap""]",""""""
"https://vidrial.vercel.app/blog/category/content-repurposing","blog-category","200","https://vidrial.vercel.app/blog/category/content-repurposing","https://vidrial.vercel.app/blog/category/content-repurposing","[""https://vidrial.vercel.app/blog/category/content-repurposing""]","1","true","true","true","true","index,follow","true","Content Repurposing Guides | Vidrial Blog","41","Practical, sourced Vidrial guides about content repurposing.","60","[""Better clips start with better decisions.""]","{""title"":""Content Repurposing Guides | Vidrial Blog"",""description"":""Practical, sourced Vidrial guides about content repurposing."",""image"":""https://vidrial.vercel.app/social/vidrial-social-card.png"",""url"":""https://vidrial.vercel.app/blog/category/content-repurposing""}","{""card"":""summary_large_image"",""title"":""Content Repurposing Guides | Vidrial Blog"",""description"":""Practical, sourced Vidrial guides about content repurposing."",""image"":""https://vidrial.vercel.app/social/vidrial-social-card.png""}","[""Organization"",""WebSite""]","5","27","269","""""","2026-07-31","false","false","false","[{""url"":""https://vidrial.vercel.app/blog/category/content-repurposing"",""status"":200}]","valid-json","[]","[""sitemap""]",""""""
"https://vidrial.vercel.app/blog/category/podcast-repurposing","blog-category","200","https://vidrial.vercel.app/blog/category/podcast-repurposing","https://vidrial.vercel.app/blog/category/podcast-repurposing","[""https://vidrial.vercel.app/blog/category/podcast-repurposing""]","1","true","true","true","true","index,follow","true","Podcast Repurposing Guides | Vidrial Blog","41","Practical, sourced Vidrial guides about podcast repurposing.","60","[""Better clips start with better decisions.""]","{""title"":""Podcast Repurposing Guides | Vidrial Blog"",""description"":""Practical, sourced Vidrial guides about podcast repurposing."",""image"":""https://vidrial.vercel.app/social/vidrial-social-card.png"",""url"":""https://vidrial.vercel.app/blog/category/podcast-repurposing""}","{""card"":""summary_large_image"",""title"":""Podcast Repurposing Guides | Vidrial Blog"",""description"":""Practical, sourced Vidrial guides about podcast repurposing."",""image"":""https://vidrial.vercel.app/social/vidrial-social-card.png""}","[""Organization"",""WebSite""]","3","25","178","""""","2026-07-31","false","false","false","[{""url"":""https://vidrial.vercel.app/blog/category/podcast-repurposing"",""status"":200}]","valid-json","[]","[""sitemap""]",""""""
"https://vidrial.vercel.app/blog/category/youtube-shorts","blog-category","200","https://vidrial.vercel.app/blog/category/youtube-shorts","https://vidrial.vercel.app/blog/category/youtube-shorts","[""https://vidrial.vercel.app/blog/category/youtube-shorts""]","1","true","true","true","true","index,follow","true","YouTube Shorts Guides | Vidrial Blog","36","Practical, sourced Vidrial guides about youtube shorts.","55","[""Better clips start with better decisions.""]","{""title"":""YouTube Shorts Guides | Vidrial Blog"",""description"":""Practical, sourced Vidrial guides about youtube shorts."",""image"":""https://vidrial.vercel.app/social/vidrial-social-card.png"",""url"":""https://vidrial.vercel.app/blog/category/youtube-shorts""}","{""card"":""summary_large_image"",""title"":""YouTube Shorts Guides | Vidrial Blog"",""description"":""Practical, sourced Vidrial guides about youtube shorts."",""image"":""https://vidrial.vercel.app/social/vidrial-social-card.png""}","[""Organization"",""WebSite""]","11","33","519","""""","2026-07-31","false","false","false","[{""url"":""https://vidrial.vercel.app/blog/category/youtube-shorts"",""status"":200}]","valid-json","[]","[""sitemap""]",""""""
"https://vidrial.vercel.app/blog/clip-podcasts-for-youtube-shorts","blog-article","200","https://vidrial.vercel.app/blog/clip-podcasts-for-youtube-shorts","https://vidrial.vercel.app/blog/clip-podcasts-for-youtube-shorts","[""https://vidrial.vercel.app/blog/clip-podcasts-for-youtube-shorts""]","1","true","true","true","true","index,follow","true","How to Clip Podcasts for YouTube Shorts | Vidrial","49","Find self-contained podcast moments, edit them for vertical viewing, handle multiple speakers, and connect each Short to the full episode.","138","[""How to Clip Podcasts for YouTube Shorts""]","{""title"":""How to Clip Podcasts for YouTube Shorts | Vidrial"",""description"":""Find self-contained podcast moments, edit them for vertical viewing, handle multiple speakers, and connect each Short to the full episode."",""image"":""https://vidrial.vercel.app/social/vidrial-social-card.png"",""url"":""https://vidrial.vercel.app/blog/clip-podcasts-for-youtube-shorts""}","{""card"":""summary_large_image"",""title"":""How to Clip Podcasts for YouTube Shorts | Vidrial"",""description"":""Find self-contained podcast moments, edit them for vertical viewing, handle multiple speakers, and connect each Short to the full episode."",""image"":""https://vidrial.vercel.app/social/vidrial-social-card.png""}","[""Organization"",""WebSite"",""BlogPosting"",""BreadcrumbList""]","7","29","2471","2026-07-31","2026-07-31","false","false","false","[{""url"":""https://vidrial.vercel.app/blog/clip-podcasts-for-youtube-shorts"",""status"":200}]","valid-json","[]","[""rss"",""sitemap""]",""""""
"https://vidrial.vercel.app/blog/how-ai-finds-video-highlights","blog-article","200","https://vidrial.vercel.app/blog/how-ai-finds-video-highlights","https://vidrial.vercel.app/blog/how-ai-finds-video-highlights","[""https://vidrial.vercel.app/blog/how-ai-finds-video-highlights""]","1","true","true","true","true","index,follow","true","How AI Finds the Best Moments in a Long Video | Vidrial","55","See how AI highlight detection segments a video, combines transcript, audio, and visual signals, ranks candidate moments, and where human review is still needed.","161","[""How AI Finds the Best Moments in a Long Video""]","{""title"":""How AI Finds the Best Moments in a Long Video | Vidrial"",""description"":""See how AI highlight detection segments a video, combines transcript, audio, and visual signals, ranks candidate moments, and where human review is still needed."",""image"":""https://vidrial.vercel.app/social/vidrial-social-card.png"",""url"":""https://vidrial.vercel.app/blog/how-ai-finds-video-highlights""}","{""card"":""summary_large_image"",""title"":""How AI Finds the Best Moments in a Long Video | Vidrial"",""description"":""See how AI highlight detection segments a video, combines transcript, audio, and visual signals, ranks candidate moments, and where human review is still needed."",""image"":""https://vidrial.vercel.app/social/vidrial-social-card.png""}","[""Organization"",""WebSite"",""BlogPosting"",""BreadcrumbList""]","8","29","2594","2026-07-31","2026-07-31","false","false","false","[{""url"":""https://vidrial.vercel.app/blog/how-ai-finds-video-highlights"",""status"":200}]","valid-json","[]","[""rss"",""sitemap""]",""""""
"https://vidrial.vercel.app/blog/how-many-shorts-from-one-long-video","blog-article","200","https://vidrial.vercel.app/blog/how-many-shorts-from-one-long-video","https://vidrial.vercel.app/blog/how-many-shorts-from-one-long-video","[""https://vidrial.vercel.app/blog/how-many-shorts-from-one-long-video""]","1","true","true","true","true","index,follow","true","How Many Shorts Can You Make From One Long Video? | Vidrial","59","Estimate how many publishable shorts a long video can support using idea density, context, visual fit, production capacity, and a practical yield audit.","152","[""How Many Shorts Can You Make From One Long Video?""]","{""title"":""How Many Shorts Can You Make From One Long Video? | Vidrial"",""description"":""Estimate how many publishable shorts a long video can support using idea density, context, visual fit, production capacity, and a practical yield audit."",""image"":""https://vidrial.vercel.app/social/vidrial-social-card.png"",""url"":""https://vidrial.vercel.app/blog/how-many-shorts-from-one-long-video""}","{""card"":""summary_large_image"",""title"":""How Many Shorts Can You Make From One Long Video? | Vidrial"",""description"":""Estimate how many publishable shorts a long video can support using idea density, context, visual fit, production capacity, and a practical yield audit."",""image"":""https://vidrial.vercel.app/social/vidrial-social-card.png""}","[""Organization"",""WebSite"",""BlogPosting"",""BreadcrumbList""]","6","30","2251","2026-07-31","2026-07-31","false","false","false","[{""url"":""https://vidrial.vercel.app/blog/how-many-shorts-from-one-long-video"",""status"":200}]","valid-json","[]","[""rss"",""sitemap""]",""""""
"https://vidrial.vercel.app/blog/how-to-turn-a-youtube-video-into-shorts","blog-article","200","https://vidrial.vercel.app/blog/how-to-turn-a-youtube-video-into-shorts","https://vidrial.vercel.app/blog/how-to-turn-a-youtube-video-into-shorts","[""https://vidrial.vercel.app/blog/how-to-turn-a-youtube-video-into-shorts""]","1","true","true","true","true","index,follow","true","How to Turn a YouTube Video Into Shorts | Vidrial","49","Choose the right YouTube-to-Shorts route, select a complete moment, fix vertical framing and captions, and upload an authorised clip without losing context.","156","[""How to Turn a YouTube Video Into Shorts""]","{""title"":""How to Turn a YouTube Video Into Shorts | Vidrial"",""description"":""Choose the right YouTube-to-Shorts route, select a complete moment, fix vertical framing and captions, and upload an authorised clip without losing context."",""image"":""https://vidrial.vercel.app/social/vidrial-social-card.png"",""url"":""https://vidrial.vercel.app/blog/how-to-turn-a-youtube-video-into-shorts""}","{""card"":""summary_large_image"",""title"":""How to Turn a YouTube Video Into Shorts | Vidrial"",""description"":""Choose the right YouTube-to-Shorts route, select a complete moment, fix vertical framing and captions, and upload an authorised clip without losing context."",""image"":""https://vidrial.vercel.app/social/vidrial-social-card.png""}","[""Organization"",""WebSite"",""BlogPosting"",""BreadcrumbList""]","6","30","2353","2026-07-31","2026-07-31","false","false","false","[{""url"":""https://vidrial.vercel.app/blog/how-to-turn-a-youtube-video-into-shorts"",""status"":200}]","valid-json","[]","[""rss"",""sitemap""]",""""""
"https://vidrial.vercel.app/blog/how-to-turn-long-videos-into-shorts-with-ai","blog-article","200","https://vidrial.vercel.app/blog/how-to-turn-long-videos-into-shorts-with-ai","https://vidrial.vercel.app/blog/how-to-turn-long-videos-into-shorts-with-ai","[""https://vidrial.vercel.app/blog/how-to-turn-long-videos-into-shorts-with-ai""]","1","true","true","true","true","index,follow","true","How to Turn Long Videos Into Shorts With AI | Vidrial","53","A review-first workflow for finding complete moments, fixing clip boundaries, reframing, correcting captions, and exporting Shorts from authorised long videos.","159","[""How to Turn Long Videos Into Shorts With AI""]","{""title"":""How to Turn Long Videos Into Shorts With AI | Vidrial"",""description"":""A review-first workflow for finding complete moments, fixing clip boundaries, reframing, correcting captions, and exporting Shorts from authorised long videos."",""image"":""https://vidrial.vercel.app/social/vidrial-social-card.png"",""url"":""https://vidrial.vercel.app/blog/how-to-turn-long-videos-into-shorts-with-ai""}","{""card"":""summary_large_image"",""title"":""How to Turn Long Videos Into Shorts With AI | Vidrial"",""description"":""A review-first workflow for finding complete moments, fixing clip boundaries, reframing, correcting captions, and exporting Shorts from authorised long videos."",""image"":""https://vidrial.vercel.app/social/vidrial-social-card.png""}","[""Organization"",""WebSite"",""BlogPosting"",""BreadcrumbList""]","8","30","2467","2026-07-31","2026-07-31","false","false","false","[{""url"":""https://vidrial.vercel.app/blog/how-to-turn-long-videos-into-shorts-with-ai"",""status"":200}]","valid-json","[]","[""rss"",""sitemap""]",""""""
"https://vidrial.vercel.app/blog/how-to-write-youtube-shorts-hooks","blog-article","200","https://vidrial.vercel.app/blog/how-to-write-youtube-shorts-hooks","https://vidrial.vercel.app/blog/how-to-write-youtube-shorts-hooks","[""https://vidrial.vercel.app/blog/how-to-write-youtube-shorts-hooks""]","1","true","true","true","true","index,follow","true","How to Write a Strong Hook for YouTube Shorts | Vidrial","55","Write YouTube Shorts hooks that make the topic, tension, and payoff clear, then diagnose weak openings with the right Studio analytics.","135","[""How to Write a Strong Hook for YouTube Shorts""]","{""title"":""How to Write a Strong Hook for YouTube Shorts | Vidrial"",""description"":""Write YouTube Shorts hooks that make the topic, tension, and payoff clear, then diagnose weak openings with the right Studio analytics."",""image"":""https://vidrial.vercel.app/social/vidrial-social-card.png"",""url"":""https://vidrial.vercel.app/blog/how-to-write-youtube-shorts-hooks""}","{""card"":""summary_large_image"",""title"":""How to Write a Strong Hook for YouTube Shorts | Vidrial"",""description"":""Write YouTube Shorts hooks that make the topic, tension, and payoff clear, then diagnose weak openings with the right Studio analytics."",""image"":""https://vidrial.vercel.app/social/vidrial-social-card.png""}","[""Organization"",""WebSite"",""BlogPosting"",""BreadcrumbList""]","7","30","2458","2026-07-31","2026-07-31","false","false","false","[{""url"":""https://vidrial.vercel.app/blog/how-to-write-youtube-shorts-hooks"",""status"":200}]","valid-json","[]","[""rss"",""sitemap""]",""""""
"https://vidrial.vercel.app/blog/long-form-to-short-form-video-workflow","blog-article","200","https://vidrial.vercel.app/blog/long-form-to-short-form-video-workflow","https://vidrial.vercel.app/blog/long-form-to-short-form-video-workflow","[""https://vidrial.vercel.app/blog/long-form-to-short-form-video-workflow""]","1","true","true","true","true","index,follow","true","The Complete Long-Form to Short-Form Video Workflow | Vidrial","61","A start-to-finish video repurposing workflow for choosing source material, accepting strong clips, editing for vertical viewing, publishing, and learning from results.","167","[""The Complete Long-Form to Short-Form Video Workflow""]","{""title"":""The Complete Long-Form to Short-Form Video Workflow | Vidrial"",""description"":""A start-to-finish video repurposing workflow for choosing source material, accepting strong clips, editing for vertical viewing, publishing, and learning from results."",""image"":""https://vidrial.vercel.app/social/vidrial-social-card.png"",""url"":""https://vidrial.vercel.app/blog/long-form-to-short-form-video-workflow""}","{""card"":""summary_large_image"",""title"":""The Complete Long-Form to Short-Form Video Workflow | Vidrial"",""description"":""A start-to-finish video repurposing workflow for choosing source material, accepting strong clips, editing for vertical viewing, publishing, and learning from results."",""image"":""https://vidrial.vercel.app/social/vidrial-social-card.png""}","[""Organization"",""WebSite"",""BlogPosting"",""BreadcrumbList""]","9","29","2565","2026-07-31","2026-07-31","false","false","false","[{""url"":""https://vidrial.vercel.app/blog/long-form-to-short-form-video-workflow"",""status"":200}]","valid-json","[]","[""rss"",""sitemap""]",""""""
"https://vidrial.vercel.app/blog/make-youtube-shorts-from-long-videos-automatically","blog-article","200","https://vidrial.vercel.app/blog/make-youtube-shorts-from-long-videos-automatically","https://vidrial.vercel.app/blog/make-youtube-shorts-from-long-videos-automatically","[""https://vidrial.vercel.app/blog/make-youtube-shorts-from-long-videos-automatically""]","1","true","true","true","true","index,follow","true","How to Make YouTube Shorts From Long Videos Automatically | Vidrial","67","A review-first workflow for turning authorised long YouTube videos into Shorts with native tools or AI, without losing context, framing, or caption accuracy.","157","[""How to Make YouTube Shorts From Long Videos Automatically""]","{""title"":""How to Make YouTube Shorts From Long Videos Automatically | Vidrial"",""description"":""A review-first workflow for turning authorised long YouTube videos into Shorts with native tools or AI, without losing context, framing, or caption accuracy."",""image"":""https://vidrial.vercel.app/social/vidrial-social-card.png"",""url"":""https://vidrial.vercel.app/blog/make-youtube-shorts-from-long-videos-automatically""}","{""card"":""summary_large_image"",""title"":""How to Make YouTube Shorts From Long Videos Automatically | Vidrial"",""description"":""A review-first workflow for turning authorised long YouTube videos into Shorts with native tools or AI, without losing context, framing, or caption accuracy."",""image"":""https://vidrial.vercel.app/social/vidrial-social-card.png""}","[""Organization"",""WebSite"",""BlogPosting"",""BreadcrumbList""]","7","30","2544","2026-07-31","2026-07-31","false","false","false","[{""url"":""https://vidrial.vercel.app/blog/make-youtube-shorts-from-long-videos-automatically"",""status"":200}]","valid-json","[]","[""rss"",""sitemap""]",""""""
"https://vidrial.vercel.app/blog/reframe-landscape-youtube-videos-into-vertical-shorts","blog-article","200","https://vidrial.vercel.app/blog/reframe-landscape-youtube-videos-into-vertical-shorts","https://vidrial.vercel.app/blog/reframe-landscape-youtube-videos-into-vertical-shorts","[""https://vidrial.vercel.app/blog/reframe-landscape-youtube-videos-into-vertical-shorts""]","1","true","true","true","true","index,follow","true","How to Reframe Landscape YouTube Videos Into 9:16 Shorts | Vidrial","66","Convert 16:9 video to 9:16 without cropping away speakers, screen details, or action. Choose the right framing treatment shot by shot.","134","[""How to Reframe Landscape YouTube Videos Into 9:16 Shorts""]","{""title"":""How to Reframe Landscape YouTube Videos Into 9:16 Shorts | Vidrial"",""description"":""Convert 16:9 video to 9:16 without cropping away speakers, screen details, or action. Choose the right framing treatment shot by shot."",""image"":""https://vidrial.vercel.app/social/vidrial-social-card.png"",""url"":""https://vidrial.vercel.app/blog/reframe-landscape-youtube-videos-into-vertical-shorts""}","{""card"":""summary_large_image"",""title"":""How to Reframe Landscape YouTube Videos Into 9:16 Shorts | Vidrial"",""description"":""Convert 16:9 video to 9:16 without cropping away speakers, screen details, or action. Choose the right framing treatment shot by shot."",""image"":""https://vidrial.vercel.app/social/vidrial-social-card.png""}","[""Organization"",""WebSite"",""BlogPosting"",""BreadcrumbList""]","7","31","2347","2026-07-31","2026-07-31","false","false","false","[{""url"":""https://vidrial.vercel.app/blog/reframe-landscape-youtube-videos-into-vertical-shorts"",""status"":200}]","valid-json","[]","[""rss"",""sitemap""]",""""""
"https://vidrial.vercel.app/blog/repurpose-one-video-into-a-week-of-content","blog-article","200","https://vidrial.vercel.app/blog/repurpose-one-video-into-a-week-of-content","https://vidrial.vercel.app/blog/repurpose-one-video-into-a-week-of-content","[""https://vidrial.vercel.app/blog/repurpose-one-video-into-a-week-of-content""]","1","true","true","true","true","index,follow","true","How to Repurpose One Video Into a Week of Content | Vidrial","59","Turn one authorised video into a useful seven-day content plan with distinct jobs, channel-aware adaptations, an evidence map, and a practical review board.","156","[""How to Repurpose One Video Into a Week of Content""]","{""title"":""How to Repurpose One Video Into a Week of Content | Vidrial"",""description"":""Turn one authorised video into a useful seven-day content plan with distinct jobs, channel-aware adaptations, an evidence map, and a practical review board."",""image"":""https://vidrial.vercel.app/social/vidrial-social-card.png"",""url"":""https://vidrial.vercel.app/blog/repurpose-one-video-into-a-week-of-content""}","{""card"":""summary_large_image"",""title"":""How to Repurpose One Video Into a Week of Content | Vidrial"",""description"":""Turn one authorised video into a useful seven-day content plan with distinct jobs, channel-aware adaptations, an evidence map, and a practical review board."",""image"":""https://vidrial.vercel.app/social/vidrial-social-card.png""}","[""Organization"",""WebSite"",""BlogPosting"",""BreadcrumbList""]","7","31","2254","2026-07-31","2026-07-31","false","false","false","[{""url"":""https://vidrial.vercel.app/blog/repurpose-one-video-into-a-week-of-content"",""status"":200}]","valid-json","[]","[""rss"",""sitemap""]",""""""
"https://vidrial.vercel.app/blog/what-is-an-ai-video-clipper","blog-article","200","https://vidrial.vercel.app/blog/what-is-an-ai-video-clipper","https://vidrial.vercel.app/blog/what-is-an-ai-video-clipper","[""https://vidrial.vercel.app/blog/what-is-an-ai-video-clipper""]","1","true","true","true","true","index,follow","true","What Is an AI Video Clipper? Complete Guide for 2026 | Vidrial","62","Learn what an AI video clipper does, where automatic clip selection works, where it fails, and how to judge whether a tool will save real editing time.","151","[""What Is an AI Video Clipper? Complete Guide for 2026""]","{""title"":""What Is an AI Video Clipper? Complete Guide for 2026 | Vidrial"",""description"":""Learn what an AI video clipper does, where automatic clip selection works, where it fails, and how to judge whether a tool will save real editing time."",""image"":""https://vidrial.vercel.app/social/vidrial-social-card.png"",""url"":""https://vidrial.vercel.app/blog/what-is-an-ai-video-clipper""}","{""card"":""summary_large_image"",""title"":""What Is an AI Video Clipper? Complete Guide for 2026 | Vidrial"",""description"":""Learn what an AI video clipper does, where automatic clip selection works, where it fails, and how to judge whether a tool will save real editing time."",""image"":""https://vidrial.vercel.app/social/vidrial-social-card.png""}","[""Organization"",""WebSite"",""BlogPosting"",""BreadcrumbList""]","7","29","2230","2026-07-31","2026-07-31","false","false","false","[{""url"":""https://vidrial.vercel.app/blog/what-is-an-ai-video-clipper"",""status"":200}]","valid-json","[]","[""rss"",""sitemap""]",""""""
"https://vidrial.vercel.app/blog/youtube-shorts-posting-frequency","blog-article","200","https://vidrial.vercel.app/blog/youtube-shorts-posting-frequency","https://vidrial.vercel.app/blog/youtube-shorts-posting-frequency","[""https://vidrial.vercel.app/blog/youtube-shorts-posting-frequency""]","1","true","true","true","true","index,follow","true","How Often Should You Post YouTube Shorts in 2026? | Vidrial","59","Choose a YouTube Shorts posting frequency you can sustain, then use a four-week test to decide whether to publish more or protect quality.","138","[""How Often Should You Post YouTube Shorts in 2026?""]","{""title"":""How Often Should You Post YouTube Shorts in 2026? | Vidrial"",""description"":""Choose a YouTube Shorts posting frequency you can sustain, then use a four-week test to decide whether to publish more or protect quality."",""image"":""https://vidrial.vercel.app/social/vidrial-social-card.png"",""url"":""https://vidrial.vercel.app/blog/youtube-shorts-posting-frequency""}","{""card"":""summary_large_image"",""title"":""How Often Should You Post YouTube Shorts in 2026? | Vidrial"",""description"":""Choose a YouTube Shorts posting frequency you can sustain, then use a four-week test to decide whether to publish more or protect quality."",""image"":""https://vidrial.vercel.app/social/vidrial-social-card.png""}","[""Organization"",""WebSite"",""BlogPosting"",""BreadcrumbList""]","6","29","2178","2026-07-31","2026-07-31","false","false","false","[{""url"":""https://vidrial.vercel.app/blog/youtube-shorts-posting-frequency"",""status"":200}]","valid-json","[]","[""rss"",""sitemap""]",""""""
"https://vidrial.vercel.app/blog/youtube-shorts-seo","blog-article","200","https://vidrial.vercel.app/blog/youtube-shorts-seo","https://vidrial.vercel.app/blog/youtube-shorts-seo","[""https://vidrial.vercel.app/blog/youtube-shorts-seo""]","1","true","true","true","true","index,follow","true","YouTube Shorts SEO: Titles, Descriptions, Keywords and Hashtags | Vidrial","73","Build accurate YouTube Shorts metadata that matches a real search query, then make the opening and video deliver the same promise.","130","[""YouTube Shorts SEO: Titles, Descriptions, Keywords and Hashtags""]","{""title"":""YouTube Shorts SEO: Titles, Descriptions, Keywords and Hashtags | Vidrial"",""description"":""Build accurate YouTube Shorts metadata that matches a real search query, then make the opening and video deliver the same promise."",""image"":""https://vidrial.vercel.app/social/vidrial-social-card.png"",""url"":""https://vidrial.vercel.app/blog/youtube-shorts-seo""}","{""card"":""summary_large_image"",""title"":""YouTube Shorts SEO: Titles, Descriptions, Keywords and Hashtags | Vidrial"",""description"":""Build accurate YouTube Shorts metadata that matches a real search query, then make the opening and video deliver the same promise."",""image"":""https://vidrial.vercel.app/social/vidrial-social-card.png""}","[""Organization"",""WebSite"",""BlogPosting"",""BreadcrumbList""]","6","29","2244","2026-07-31","2026-07-31","false","false","false","[{""url"":""https://vidrial.vercel.app/blog/youtube-shorts-seo"",""status"":200}]","valid-json","[]","[""rss"",""sitemap""]",""""""
"https://vidrial.vercel.app/blog/youtube-shorts-size-length-resolution-aspect-ratio","blog-article","200","https://vidrial.vercel.app/blog/youtube-shorts-size-length-resolution-aspect-ratio","https://vidrial.vercel.app/blog/youtube-shorts-size-length-resolution-aspect-ratio","[""https://vidrial.vercel.app/blog/youtube-shorts-size-length-resolution-aspect-ratio""]","1","true","true","true","true","index,follow","true","YouTube Shorts Size, Length, Resolution and Aspect Ratio Guide 2026 | Vidrial","77","Use the current YouTube Shorts dimensions, length, aspect-ratio and export settings—and separate actual classification rules from practical recommendations.","156","[""YouTube Shorts Size, Length, Resolution and Aspect Ratio Guide 2026""]","{""title"":""YouTube Shorts Size, Length, Resolution and Aspect Ratio Guide 2026 | Vidrial"",""description"":""Use the current YouTube Shorts dimensions, length, aspect-ratio and export settings—and separate actual classification rules from practical recommendations."",""image"":""https://vidrial.vercel.app/social/vidrial-social-card.png"",""url"":""https://vidrial.vercel.app/blog/youtube-shorts-size-length-resolution-aspect-ratio""}","{""card"":""summary_large_image"",""title"":""YouTube Shorts Size, Length, Resolution and Aspect Ratio Guide 2026 | Vidrial"",""description"":""Use the current YouTube Shorts dimensions, length, aspect-ratio and export settings—and separate actual classification rules from practical recommendations."",""image"":""https://vidrial.vercel.app/social/vidrial-social-card.png""}","[""Organization"",""WebSite"",""BlogPosting"",""BreadcrumbList""]","8","30","2517","2026-07-31","2026-07-31","false","false","false","[{""url"":""https://vidrial.vercel.app/blog/youtube-shorts-size-length-resolution-aspect-ratio"",""status"":200}]","valid-json","[]","[""rss"",""sitemap""]",""""""
"https://vidrial.vercel.app/blog/youtube-shorts-vs-long-form-video","blog-article","200","https://vidrial.vercel.app/blog/youtube-shorts-vs-long-form-video","https://vidrial.vercel.app/blog/youtube-shorts-vs-long-form-video","[""https://vidrial.vercel.app/blog/youtube-shorts-vs-long-form-video""]","1","true","true","true","true","index,follow","true","YouTube Shorts vs Long-Form Video: How to Use Both Together | Vidrial","69","Give YouTube Shorts and long-form videos different jobs, align them around one audience problem, and measure whether viewers move between them.","143","[""YouTube Shorts vs Long-Form Video: How to Use Both Together""]","{""title"":""YouTube Shorts vs Long-Form Video: How to Use Both Together | Vidrial"",""description"":""Give YouTube Shorts and long-form videos different jobs, align them around one audience problem, and measure whether viewers move between them."",""image"":""https://vidrial.vercel.app/social/vidrial-social-card.png"",""url"":""https://vidrial.vercel.app/blog/youtube-shorts-vs-long-form-video""}","{""card"":""summary_large_image"",""title"":""YouTube Shorts vs Long-Form Video: How to Use Both Together | Vidrial"",""description"":""Give YouTube Shorts and long-form videos different jobs, align them around one audience problem, and measure whether viewers move between them."",""image"":""https://vidrial.vercel.app/social/vidrial-social-card.png""}","[""Organization"",""WebSite"",""BlogPosting"",""BreadcrumbList""]","6","29","2259","2026-07-31","2026-07-31","false","false","false","[{""url"":""https://vidrial.vercel.app/blog/youtube-shorts-vs-long-form-video"",""status"":200}]","valid-json","[]","[""rss"",""sitemap""]",""""""
"https://vidrial.vercel.app/changelog","marketing-public","200","https://vidrial.vercel.app/changelog","https://vidrial.vercel.app/changelog","[""https://vidrial.vercel.app/changelog""]","1","true","true","true","true","index,follow","true","Vidrial Changelog — AI Video Editor Updates","43","Track meaningful Vidrial releases across AI edit-plan review, media search, timeline editing and creator workflows.","115","[""Meaningful changes, plainly written.""]","{""title"":""Vidrial Changelog — AI Video Editor Updates"",""description"":""Track meaningful Vidrial releases across AI edit-plan review, media search, timeline editing and creator workflows."",""image"":""https://vidrial.vercel.app/social/vidrial-social-card.png"",""url"":""https://vidrial.vercel.app/changelog""}","{""card"":""summary_large_image"",""title"":""Vidrial Changelog — AI Video Editor Updates"",""description"":""Track meaningful Vidrial releases across AI edit-plan review, media search, timeline editing and creator workflows."",""image"":""https://vidrial.vercel.app/social/vidrial-social-card.png""}","[""Organization"",""WebSite""]","53","23","177","""""","""""","false","false","false","[{""url"":""https://vidrial.vercel.app/changelog"",""status"":200}]","valid-json","[]","[""route-tree"",""sitemap""]",""""""
"https://vidrial.vercel.app/contact","marketing-public","200","https://vidrial.vercel.app/contact","https://vidrial.vercel.app/contact","[""https://vidrial.vercel.app/contact""]","1","true","true","true","true","index,follow","true","Contact Vidrial","15","Contact the Vidrial team about the AI video editor, billing, partnerships, security, privacy or product feedback.","113","[""Say hello, or tell us what's slow.""]","{""title"":""Contact Vidrial"",""description"":""Contact the Vidrial team about the AI video editor, billing, partnerships, security, privacy or product feedback."",""image"":""https://vidrial.vercel.app/social/vidrial-social-card.png"",""url"":""https://vidrial.vercel.app/contact""}","{""card"":""summary_large_image"",""title"":""Contact Vidrial"",""description"":""Contact the Vidrial team about the AI video editor, billing, partnerships, security, privacy or product feedback."",""image"":""https://vidrial.vercel.app/social/vidrial-social-card.png""}","[""Organization"",""WebSite""]","53","23","135","""""","""""","false","false","false","[{""url"":""https://vidrial.vercel.app/contact"",""status"":200}]","valid-json","[]","[""route-tree"",""sitemap""]",""""""
"https://vidrial.vercel.app/cookies","trust-legal","200","https://vidrial.vercel.app/cookies","https://vidrial.vercel.app/cookies","[""https://vidrial.vercel.app/cookies""]","1","true","true","true","true","index,follow","true","Vidrial Cookie Policy and Settings","34","Understand Vidrial's necessary cookies and consent-controlled analytics settings, which remain off until you opt in.","116","[""Cookies""]","{""title"":""Vidrial Cookie Policy and Settings"",""description"":""Understand Vidrial's necessary cookies and consent-controlled analytics settings, which remain off until you opt in."",""image"":""https://vidrial.vercel.app/social/vidrial-social-card.png"",""url"":""https://vidrial.vercel.app/cookies""}","{""card"":""summary_large_image"",""title"":""Vidrial Cookie Policy and Settings"",""description"":""Understand Vidrial's necessary cookies and consent-controlled analytics settings, which remain off until you opt in."",""image"":""https://vidrial.vercel.app/social/vidrial-social-card.png""}","[""Organization"",""WebSite""]","53","23","155","""""","""""","false","false","false","[{""url"":""https://vidrial.vercel.app/cookies"",""status"":200}]","valid-json","[]","[""route-tree"",""sitemap""]",""""""
"https://vidrial.vercel.app/copyright","trust-legal","200","https://vidrial.vercel.app/copyright","https://vidrial.vercel.app/copyright","[""https://vidrial.vercel.app/copyright""]","1","true","true","true","true","index,follow","true","Vidrial Copyright and Takedown Policy","37","Learn how rightsholders and Vidrial users can submit copyright notices, counter-notices and supporting information.","115","[""Copyright and takedown""]","{""title"":""Vidrial Copyright and Takedown Policy"",""description"":""Learn how rightsholders and Vidrial users can submit copyright notices, counter-notices and supporting information."",""image"":""https://vidrial.vercel.app/social/vidrial-social-card.png"",""url"":""https://vidrial.vercel.app/copyright""}","{""card"":""summary_large_image"",""title"":""Vidrial Copyright and Takedown Policy"",""description"":""Learn how rightsholders and Vidrial users can submit copyright notices, counter-notices and supporting information."",""image"":""https://vidrial.vercel.app/social/vidrial-social-card.png""}","[""Organization"",""WebSite""]","53","23","288","""""","""""","false","false","false","[{""url"":""https://vidrial.vercel.app/copyright"",""status"":200}]","valid-json","[]","[""route-tree"",""sitemap""]",""""""
"https://vidrial.vercel.app/design-system","marketing-public","200","https://vidrial.vercel.app/design-system","https://vidrial.vercel.app/design-system","[""https://vidrial.vercel.app/design-system""]","1","true","false","false","true","noindex,nofollow","false","Design system — Vidrial","23","Internal reference for Vidrial brand, interface, and component standards.","73","[]","{""title"":""Design system — Vidrial"",""description"":""Internal reference for Vidrial brand, interface, and component standards."",""image"":""https://vidrial.vercel.app/social/vidrial-social-card.png"",""url"":""https://vidrial.vercel.app/design-system""}","{""card"":""summary_large_image"",""title"":""Design system — Vidrial"",""description"":""Internal reference for Vidrial brand, interface, and component standards."",""image"":""https://vidrial.vercel.app/social/vidrial-social-card.png""}","[""Organization"",""WebSite""]","1","24","239","""""","""""","false","false","false","[{""url"":""https://vidrial.vercel.app/design-system"",""status"":200}]","valid-json","[]","[""route-tree""]",""""""
"https://vidrial.vercel.app/docs","documentation","200","https://vidrial.vercel.app/docs","https://vidrial.vercel.app/docs","[""https://vidrial.vercel.app/docs""]","1","true","true","true","true","index,follow","true","Vidrial Documentation — From Media to Editable Video","52","Learn how to import media, direct Vidrial's AI-assisted editor, refine the timeline, manage captions and export finished video.","127","[""Documentation""]","{""title"":""Vidrial Documentation — From Media to Editable Video"",""description"":""Learn how to import media, direct Vidrial's AI-assisted editor, refine the timeline, manage captions and export finished video."",""image"":""https://vidrial.vercel.app/social/vidrial-social-card.png"",""url"":""https://vidrial.vercel.app/docs""}","{""card"":""summary_large_image"",""title"":""Vidrial Documentation — From Media to Editable Video"",""description"":""Learn how to import media, direct Vidrial's AI-assisted editor, refine the timeline, manage captions and export finished video."",""image"":""https://vidrial.vercel.app/social/vidrial-social-card.png""}","[""Organization"",""WebSite""]","53","28","143","""""","""""","false","false","false","[{""url"":""https://vidrial.vercel.app/docs"",""status"":200}]","valid-json","[]","[""route-tree"",""sitemap""]",""""""
"https://vidrial.vercel.app/docs/ai-editor","documentation","200","https://vidrial.vercel.app/docs/ai-editor","https://vidrial.vercel.app/docs/ai-editor","[""https://vidrial.vercel.app/docs/ai-editor""]","1","true","true","true","true","index,follow","true","Using the Vidrial AI Video Editor — Documentation","49","Write precise video-editing prompts, scope changes and review Vidrial's proposed operations before they reach the timeline.","123","[""The AI editor""]","{""title"":""Using the Vidrial AI Video Editor — Documentation"",""description"":""Write precise video-editing prompts, scope changes and review Vidrial's proposed operations before they reach the timeline."",""image"":""https://vidrial.vercel.app/social/vidrial-social-card.png"",""url"":""https://vidrial.vercel.app/docs/ai-editor""}","{""card"":""summary_large_image"",""title"":""Using the Vidrial AI Video Editor — Documentation"",""description"":""Write precise video-editing prompts, scope changes and review Vidrial's proposed operations before they reach the timeline."",""image"":""https://vidrial.vercel.app/social/vidrial-social-card.png""}","[""Organization"",""WebSite""]","7","28","184","""""","""""","false","false","false","[{""url"":""https://vidrial.vercel.app/docs/ai-editor"",""status"":200}]","valid-json","[]","[""route-tree"",""sitemap""]",""""""
"https://vidrial.vercel.app/docs/exporting","documentation","200","https://vidrial.vercel.app/docs/exporting","https://vidrial.vercel.app/docs/exporting","[""https://vidrial.vercel.app/docs/exporting""]","1","true","true","true","true","index,follow","true","Exporting Video from Vidrial — Documentation","44","Choose video resolution, aspect ratio and caption settings, review usage, then monitor Vidrial's render and delivery states.","124","[""Exporting""]","{""title"":""Exporting Video from Vidrial — Documentation"",""description"":""Choose video resolution, aspect ratio and caption settings, review usage, then monitor Vidrial's render and delivery states."",""image"":""https://vidrial.vercel.app/social/vidrial-social-card.png"",""url"":""https://vidrial.vercel.app/docs/exporting""}","{""card"":""summary_large_image"",""title"":""Exporting Video from Vidrial — Documentation"",""description"":""Choose video resolution, aspect ratio and caption settings, review usage, then monitor Vidrial's render and delivery states."",""image"":""https://vidrial.vercel.app/social/vidrial-social-card.png""}","[""Organization"",""WebSite""]","7","28","147","""""","""""","false","false","false","[{""url"":""https://vidrial.vercel.app/docs/exporting"",""status"":200}]","valid-json","[]","[""route-tree"",""sitemap""]",""""""
"https://vidrial.vercel.app/docs/getting-started","documentation","200","https://vidrial.vercel.app/docs/getting-started","https://vidrial.vercel.app/docs/getting-started","[""https://vidrial.vercel.app/docs/getting-started""]","1","true","true","true","true","index,follow","true","Getting Started with Vidrial — Documentation","44","Create your first Vidrial project, review an AI-assisted edit plan and export a controlled preview from authorised media.","121","[""Getting started""]","{""title"":""Getting Started with Vidrial — Documentation"",""description"":""Create your first Vidrial project, review an AI-assisted edit plan and export a controlled preview from authorised media."",""image"":""https://vidrial.vercel.app/social/vidrial-social-card.png"",""url"":""https://vidrial.vercel.app/docs/getting-started""}","{""card"":""summary_large_image"",""title"":""Getting Started with Vidrial — Documentation"",""description"":""Create your first Vidrial project, review an AI-assisted edit plan and export a controlled preview from authorised media."",""image"":""https://vidrial.vercel.app/social/vidrial-social-card.png""}","[""Organization"",""WebSite""]","6","28","181","""""","""""","false","false","false","[{""url"":""https://vidrial.vercel.app/docs/getting-started"",""status"":200}]","valid-json","[]","[""route-tree"",""sitemap""]",""""""
"https://vidrial.vercel.app/docs/timeline","documentation","200","https://vidrial.vercel.app/docs/timeline","https://vidrial.vercel.app/docs/timeline","[""https://vidrial.vercel.app/docs/timeline""]","1","true","true","true","true","index,follow","true","Video Timeline Editing Basics — Vidrial Documentation","53","Learn Vidrial's core timeline controls for moving, trimming, splitting, ripple deleting and snapping video clips.","113","[""Timeline basics""]","{""title"":""Video Timeline Editing Basics — Vidrial Documentation"",""description"":""Learn Vidrial's core timeline controls for moving, trimming, splitting, ripple deleting and snapping video clips."",""image"":""https://vidrial.vercel.app/social/vidrial-social-card.png"",""url"":""https://vidrial.vercel.app/docs/timeline""}","{""card"":""summary_large_image"",""title"":""Video Timeline Editing Basics — Vidrial Documentation"",""description"":""Learn Vidrial's core timeline controls for moving, trimming, splitting, ripple deleting and snapping video clips."",""image"":""https://vidrial.vercel.app/social/vidrial-social-card.png""}","[""Organization"",""WebSite""]","6","28","146","""""","""""","false","false","false","[{""url"":""https://vidrial.vercel.app/docs/timeline"",""status"":200}]","valid-json","[]","[""route-tree"",""sitemap""]",""""""
"https://vidrial.vercel.app/docs/uploading-media","documentation","200","https://vidrial.vercel.app/docs/uploading-media","https://vidrial.vercel.app/docs/uploading-media","[""https://vidrial.vercel.app/docs/uploading-media""]","1","true","true","true","true","index,follow","true","Uploading Video and Media — Vidrial Documentation","49","Review the supported video, audio, image, subtitle and text formats and learn how media roles guide Vidrial's editor.","117","[""Uploading media""]","{""title"":""Uploading Video and Media — Vidrial Documentation"",""description"":""Review the supported video, audio, image, subtitle and text formats and learn how media roles guide Vidrial's editor."",""image"":""https://vidrial.vercel.app/social/vidrial-social-card.png"",""url"":""https://vidrial.vercel.app/docs/uploading-media""}","{""card"":""summary_large_image"",""title"":""Uploading Video and Media — Vidrial Documentation"",""description"":""Review the supported video, audio, image, subtitle and text formats and learn how media roles guide Vidrial's editor."",""image"":""https://vidrial.vercel.app/social/vidrial-social-card.png""}","[""Organization"",""WebSite""]","6","28","174","""""","""""","false","false","false","[{""url"":""https://vidrial.vercel.app/docs/uploading-media"",""status"":200}]","valid-json","[]","[""route-tree"",""sitemap""]",""""""
"https://vidrial.vercel.app/features","marketing-public","200","https://vidrial.vercel.app/features","https://vidrial.vercel.app/features","[""https://vidrial.vercel.app/features""]","1","true","true","true","true","index,follow","true","AI Video Editing Features — Vidrial","35","Explore Vidrial's media intelligence, AI edit planning, transcript editing, captions, reframing, timeline controls and export workflow.","135","[""A full editor, organised around the way you actually work.""]","{""title"":""AI Video Editing Features — Vidrial"",""description"":""Explore Vidrial's media intelligence, AI edit planning, transcript editing, captions, reframing, timeline controls and export workflow."",""image"":""https://vidrial.vercel.app/social/vidrial-social-card.png"",""url"":""https://vidrial.vercel.app/features""}","{""card"":""summary_large_image"",""title"":""AI Video Editing Features — Vidrial"",""description"":""Explore Vidrial's media intelligence, AI edit planning, transcript editing, captions, reframing, timeline controls and export workflow."",""image"":""https://vidrial.vercel.app/social/vidrial-social-card.png""}","[""Organization"",""WebSite""]","53","24","507","""""","""""","false","false","false","[{""url"":""https://vidrial.vercel.app/features"",""status"":200}]","valid-json","[]","[""route-tree"",""sitemap""]",""""""
"https://vidrial.vercel.app/forgot-password","authentication","200","https://vidrial.vercel.app/forgot-password","""""","[]","0","false","false","false","true","noindex,nofollow","false","Reset password — Vidrial","24","Turn authorised long-form video into explainable, editable short clips with AI-assisted planning, captions and reframing.","121","[""Reset your password.""]","{""title"":""Vidrial — AI video editing that understands your project"",""description"":""Turn authorised long-form video into explainable, editable short clips with AI-assisted planning, captions and reframing."",""image"":""https://vidrial.vercel.app/social/vidrial-social-card.png"",""url"":""https://vidrial.vercel.app/""}","{""card"":""summary_large_image"",""title"":""Vidrial — AI video editing that understands your project"",""description"":""Turn authorised long-form video into explainable, editable short clips with AI-assisted planning, captions and reframing."",""image"":""https://vidrial.vercel.app/social/vidrial-social-card.png""}","[""Organization"",""WebSite""]","22","3","73","""""","""""","false","false","false","[{""url"":""https://vidrial.vercel.app/forgot-password"",""status"":200}]","valid-json","[]","[""route-tree""]",""""""
"https://vidrial.vercel.app/how-it-works","marketing-public","200","https://vidrial.vercel.app/how-it-works","https://vidrial.vercel.app/how-it-works","[""https://vidrial.vercel.app/how-it-works""]","1","true","true","true","true","index,follow","true","How Vidrial's AI Video Editor Works","35","See how Vidrial turns authorised source media into a reviewable edit plan, non-destructive timeline, captions and export.","121","[""A first cut, without hand-waving.""]","{""title"":""How Vidrial's AI Video Editor Works"",""description"":""See how Vidrial turns authorised source media into a reviewable edit plan, non-destructive timeline, captions and export."",""image"":""https://vidrial.vercel.app/social/vidrial-social-card.png"",""url"":""https://vidrial.vercel.app/how-it-works""}","{""card"":""summary_large_image"",""title"":""How Vidrial's AI Video Editor Works"",""description"":""See how Vidrial turns authorised source media into a reviewable edit plan, non-destructive timeline, captions and export."",""image"":""https://vidrial.vercel.app/social/vidrial-social-card.png""}","[""Organization"",""WebSite""]","53","24","305","""""","""""","false","false","false","[{""url"":""https://vidrial.vercel.app/how-it-works"",""status"":200}]","valid-json","[]","[""route-tree"",""sitemap""]",""""""
"https://vidrial.vercel.app/imprint","trust-legal","200","https://vidrial.vercel.app/imprint","https://vidrial.vercel.app/imprint","[""https://vidrial.vercel.app/imprint""]","1","true","true","true","true","index,follow","true","Vidrial Imprint and Service Contacts","36","Find Vidrial's product-preview status and contact channels for general, privacy, copyright and security enquiries.","114","[""Imprint""]","{""title"":""Vidrial Imprint and Service Contacts"",""description"":""Find Vidrial's product-preview status and contact channels for general, privacy, copyright and security enquiries."",""image"":""https://vidrial.vercel.app/social/vidrial-social-card.png"",""url"":""https://vidrial.vercel.app/imprint""}","{""card"":""summary_large_image"",""title"":""Vidrial Imprint and Service Contacts"",""description"":""Find Vidrial's product-preview status and contact channels for general, privacy, copyright and security enquiries."",""image"":""https://vidrial.vercel.app/social/vidrial-social-card.png""}","[""Organization"",""WebSite""]","53","23","161","""""","""""","false","false","false","[{""url"":""https://vidrial.vercel.app/imprint"",""status"":200}]","valid-json","[]","[""route-tree"",""sitemap""]",""""""
"https://vidrial.vercel.app/login","authentication","200","https://vidrial.vercel.app/login","https://vidrial.vercel.app/login","[""https://vidrial.vercel.app/login""]","1","true","false","false","true","noindex,nofollow","false","Log in — Vidrial","16","Turn authorised long-form video into explainable, editable short clips with AI-assisted planning, captions and reframing.","121","[""Welcome back.""]","{""title"":""Vidrial — AI video editing that understands your project"",""description"":""Turn authorised long-form video into explainable, editable short clips with AI-assisted planning, captions and reframing."",""image"":""https://vidrial.vercel.app/social/vidrial-social-card.png"",""url"":""https://vidrial.vercel.app/""}","{""card"":""summary_large_image"",""title"":""Vidrial — AI video editing that understands your project"",""description"":""Turn authorised long-form video into explainable, editable short clips with AI-assisted planning, captions and reframing."",""image"":""https://vidrial.vercel.app/social/vidrial-social-card.png""}","[""Organization"",""WebSite""]","24","4","101","""""","""""","false","false","false","[{""url"":""https://vidrial.vercel.app/login"",""status"":200}]","valid-json","[]","[""route-tree""]",""""""
"https://vidrial.vercel.app/pricing","marketing-public","200","https://vidrial.vercel.app/pricing","https://vidrial.vercel.app/pricing","[""https://vidrial.vercel.app/pricing""]","1","true","true","true","true","index,follow","true","Vidrial Pricing — AI Video Editing Plans","40","Compare Vidrial Free, Creator and Pro plans by source minutes, storage, export resolution, captions, watermarks and editing features.","133","[""Simple plans, honest units.""]","{""title"":""Vidrial Pricing — AI Video Editing Plans"",""description"":""Compare Vidrial Free, Creator and Pro plans by source minutes, storage, export resolution, captions, watermarks and editing features."",""image"":""https://vidrial.vercel.app/social/vidrial-social-card.png"",""url"":""https://vidrial.vercel.app/pricing""}","{""card"":""summary_large_image"",""title"":""Vidrial Pricing — AI Video Editing Plans"",""description"":""Compare Vidrial Free, Creator and Pro plans by source minutes, storage, export resolution, captions, watermarks and editing features."",""image"":""https://vidrial.vercel.app/social/vidrial-social-card.png""}","[""Organization"",""WebSite""]","53","24","482","""""","""""","false","false","false","[{""url"":""https://vidrial.vercel.app/pricing"",""status"":200}]","valid-json","[]","[""route-tree"",""sitemap""]",""""""
"https://vidrial.vercel.app/privacy","trust-legal","200","https://vidrial.vercel.app/privacy","https://vidrial.vercel.app/privacy","[""https://vidrial.vercel.app/privacy""]","1","true","true","true","true","index,follow","true","Vidrial Privacy Policy","22","Read how Vidrial collects, uses, protects, retains and deletes account, media, OAuth and optional analytics data.","113","[""Privacy policy""]","{""title"":""Vidrial Privacy Policy"",""description"":""Read how Vidrial collects, uses, protects, retains and deletes account, media, OAuth and optional analytics data."",""image"":""https://vidrial.vercel.app/social/vidrial-social-card.png"",""url"":""https://vidrial.vercel.app/privacy""}","{""card"":""summary_large_image"",""title"":""Vidrial Privacy Policy"",""description"":""Read how Vidrial collects, uses, protects, retains and deletes account, media, OAuth and optional analytics data."",""image"":""https://vidrial.vercel.app/social/vidrial-social-card.png""}","[""Organization"",""WebSite""]","53","23","509","""""","""""","false","false","false","[{""url"":""https://vidrial.vercel.app/privacy"",""status"":200}]","valid-json","[]","[""route-tree"",""sitemap""]",""""""
"https://vidrial.vercel.app/reset-password","authentication","200","https://vidrial.vercel.app/reset-password","""""","[]","0","false","false","false","true","noindex,nofollow","false","Choose a new password — Vidrial","31","Turn authorised long-form video into explainable, editable short clips with AI-assisted planning, captions and reframing.","121","[""Choose a new password.""]","{""title"":""Vidrial — AI video editing that understands your project"",""description"":""Turn authorised long-form video into explainable, editable short clips with AI-assisted planning, captions and reframing."",""image"":""https://vidrial.vercel.app/social/vidrial-social-card.png"",""url"":""https://vidrial.vercel.app/""}","{""card"":""summary_large_image"",""title"":""Vidrial — AI video editing that understands your project"",""description"":""Turn authorised long-form video into explainable, editable short clips with AI-assisted planning, captions and reframing."",""image"":""https://vidrial.vercel.app/social/vidrial-social-card.png""}","[""Organization"",""WebSite""]","1","2","70","""""","""""","false","false","false","[{""url"":""https://vidrial.vercel.app/reset-password"",""status"":200}]","valid-json","[]","[""route-tree""]",""""""
"https://vidrial.vercel.app/roadmap","marketing-public","200","https://vidrial.vercel.app/roadmap","https://vidrial.vercel.app/roadmap","[""https://vidrial.vercel.app/roadmap""]","1","true","true","true","true","index,follow","true","Vidrial Product Roadmap","23","Review Vidrial's current AI video-editing capabilities, near-term priorities and clearly labelled future plans.","111","[""Where Vidrial is going.""]","{""title"":""Vidrial Product Roadmap"",""description"":""Review Vidrial's current AI video-editing capabilities, near-term priorities and clearly labelled future plans."",""image"":""https://vidrial.vercel.app/social/vidrial-social-card.png"",""url"":""https://vidrial.vercel.app/roadmap""}","{""card"":""summary_large_image"",""title"":""Vidrial Product Roadmap"",""description"":""Review Vidrial's current AI video-editing capabilities, near-term priorities and clearly labelled future plans."",""image"":""https://vidrial.vercel.app/social/vidrial-social-card.png""}","[""Organization"",""WebSite""]","53","23","186","""""","""""","false","false","false","[{""url"":""https://vidrial.vercel.app/roadmap"",""status"":200}]","valid-json","[]","[""route-tree"",""sitemap""]",""""""
"https://vidrial.vercel.app/security","trust-legal","200","https://vidrial.vercel.app/security","https://vidrial.vercel.app/security","[""https://vidrial.vercel.app/security""]","1","true","true","true","true","index,follow","true","Vidrial Security and Media Privacy","34","Learn how Vidrial protects private media, uses signed URLs, handles deletion and limits AI training and analytics access.","121","[""Your footage, on your terms.""]","{""title"":""Vidrial Security and Media Privacy"",""description"":""Learn how Vidrial protects private media, uses signed URLs, handles deletion and limits AI training and analytics access."",""image"":""https://vidrial.vercel.app/social/vidrial-social-card.png"",""url"":""https://vidrial.vercel.app/security""}","{""card"":""summary_large_image"",""title"":""Vidrial Security and Media Privacy"",""description"":""Learn how Vidrial protects private media, uses signed URLs, handles deletion and limits AI training and analytics access."",""image"":""https://vidrial.vercel.app/social/vidrial-social-card.png""}","[""Organization"",""WebSite""]","53","24","275","""""","""""","false","false","false","[{""url"":""https://vidrial.vercel.app/security"",""status"":200}]","valid-json","[]","[""route-tree"",""sitemap""]",""""""
"https://vidrial.vercel.app/signup","authentication","200","https://vidrial.vercel.app/signup","https://vidrial.vercel.app/signup","[""https://vidrial.vercel.app/signup""]","1","true","false","false","true","noindex,nofollow","false","Sign up — Vidrial","17","Turn authorised long-form video into explainable, editable short clips with AI-assisted planning, captions and reframing.","121","[""Create your workspace.""]","{""title"":""Vidrial — AI video editing that understands your project"",""description"":""Turn authorised long-form video into explainable, editable short clips with AI-assisted planning, captions and reframing."",""image"":""https://vidrial.vercel.app/social/vidrial-social-card.png"",""url"":""https://vidrial.vercel.app/""}","{""card"":""summary_large_image"",""title"":""Vidrial — AI video editing that understands your project"",""description"":""Turn authorised long-form video into explainable, editable short clips with AI-assisted planning, captions and reframing."",""image"":""https://vidrial.vercel.app/social/vidrial-social-card.png""}","[""Organization"",""WebSite""]","33","3","110","""""","""""","false","false","false","[{""url"":""https://vidrial.vercel.app/signup"",""status"":200}]","valid-json","[]","[""route-tree""]",""""""
"https://vidrial.vercel.app/status","marketing-public","200","https://vidrial.vercel.app/status","https://vidrial.vercel.app/status","[""https://vidrial.vercel.app/status""]","1","true","false","false","true","noindex,nofollow","false","Vidrial Service Status Preview","30","A demonstration of Vidrial's planned service-status reporting surface.","70","[""Everything looks fine.""]","{""title"":""Vidrial Service Status Preview"",""description"":""A demonstration of Vidrial's planned service-status reporting surface."",""image"":""https://vidrial.vercel.app/social/vidrial-social-card.png"",""url"":""https://vidrial.vercel.app/status""}","{""card"":""summary_large_image"",""title"":""Vidrial Service Status Preview"",""description"":""A demonstration of Vidrial's planned service-status reporting surface."",""image"":""https://vidrial.vercel.app/social/vidrial-social-card.png""}","[""Organization"",""WebSite""]","53","23","148","""""","""""","false","false","false","[{""url"":""https://vidrial.vercel.app/status"",""status"":200}]","valid-json","[]","[""route-tree""]",""""""
"https://vidrial.vercel.app/terms","trust-legal","200","https://vidrial.vercel.app/terms","https://vidrial.vercel.app/terms","[""https://vidrial.vercel.app/terms""]","1","true","true","true","true","index,follow","true","Vidrial Terms of Service","24","Read the terms governing Vidrial accounts, authorised media, AI-assisted output, acceptable use, billing and service access.","124","[""Terms of service""]","{""title"":""Vidrial Terms of Service"",""description"":""Read the terms governing Vidrial accounts, authorised media, AI-assisted output, acceptable use, billing and service access."",""image"":""https://vidrial.vercel.app/social/vidrial-social-card.png"",""url"":""https://vidrial.vercel.app/terms""}","{""card"":""summary_large_image"",""title"":""Vidrial Terms of Service"",""description"":""Read the terms governing Vidrial accounts, authorised media, AI-assisted output, acceptable use, billing and service access."",""image"":""https://vidrial.vercel.app/social/vidrial-social-card.png""}","[""Organization"",""WebSite""]","53","23","540","""""","""""","false","false","false","[{""url"":""https://vidrial.vercel.app/terms"",""status"":200}]","valid-json","[]","[""route-tree"",""sitemap""]",""""""
"https://vidrial.vercel.app/use-cases","use-case","200","https://vidrial.vercel.app/use-cases","https://vidrial.vercel.app/use-cases","[""https://vidrial.vercel.app/use-cases""]","1","true","true","true","true","index,follow","true","AI Video Editing Use Cases — Vidrial","36","Explore Vidrial workflows for YouTube videos, podcast clipping, short-form repurposing, online courses and product demos.","121","[""Built for the way people make video.""]","{""title"":""AI Video Editing Use Cases — Vidrial"",""description"":""Explore Vidrial workflows for YouTube videos, podcast clipping, short-form repurposing, online courses and product demos."",""image"":""https://vidrial.vercel.app/social/vidrial-social-card.png"",""url"":""https://vidrial.vercel.app/use-cases""}","{""card"":""summary_large_image"",""title"":""AI Video Editing Use Cases — Vidrial"",""description"":""Explore Vidrial workflows for YouTube videos, podcast clipping, short-form repurposing, online courses and product demos."",""image"":""https://vidrial.vercel.app/social/vidrial-social-card.png""}","[""Organization"",""WebSite""]","1","24","164","""""","""""","false","false","false","[{""url"":""https://vidrial.vercel.app/use-cases"",""status"":200}]","valid-json","[]","[""route-tree"",""sitemap""]",""""""
"https://vidrial.vercel.app/use-cases/courses","use-case","200","https://vidrial.vercel.app/use-cases/courses","https://vidrial.vercel.app/use-cases/courses","[""https://vidrial.vercel.app/use-cases/courses""]","1","true","true","true","true","index,follow","true","AI Video Editing for Online Courses — Vidrial","45","Create consistent online-course lessons with reviewable editing, pacing, captions, chapters and repeatable export settings.","123","[""Lessons that stay clear, week after week.""]","{""title"":""AI Video Editing for Online Courses — Vidrial"",""description"":""Create consistent online-course lessons with reviewable editing, pacing, captions, chapters and repeatable export settings."",""image"":""https://vidrial.vercel.app/social/vidrial-social-card.png"",""url"":""https://vidrial.vercel.app/use-cases/courses""}","{""card"":""summary_large_image"",""title"":""AI Video Editing for Online Courses — Vidrial"",""description"":""Create consistent online-course lessons with reviewable editing, pacing, captions, chapters and repeatable export settings."",""image"":""https://vidrial.vercel.app/social/vidrial-social-card.png""}","[""Organization"",""WebSite""]","53","24","193","""""","""""","false","false","false","[{""url"":""https://vidrial.vercel.app/use-cases/courses"",""status"":200}]","valid-json","[]","[""route-tree"",""sitemap""]",""""""
"https://vidrial.vercel.app/use-cases/podcasts","use-case","200","https://vidrial.vercel.app/use-cases/podcasts","https://vidrial.vercel.app/use-cases/podcasts","[""https://vidrial.vercel.app/use-cases/podcasts""]","1","true","true","true","true","index,follow","true","Podcast Clipping and Podcast-to-Shorts — Vidrial","48","Clean long video podcasts, identify complete moments, add captions and prepare editable short-form clips without losing context.","128","[""Video podcasts, without the dead air.""]","{""title"":""Podcast Clipping and Podcast-to-Shorts — Vidrial"",""description"":""Clean long video podcasts, identify complete moments, add captions and prepare editable short-form clips without losing context."",""image"":""https://vidrial.vercel.app/social/vidrial-social-card.png"",""url"":""https://vidrial.vercel.app/use-cases/podcasts""}","{""card"":""summary_large_image"",""title"":""Podcast Clipping and Podcast-to-Shorts — Vidrial"",""description"":""Clean long video podcasts, identify complete moments, add captions and prepare editable short-form clips without losing context."",""image"":""https://vidrial.vercel.app/social/vidrial-social-card.png""}","[""Organization"",""WebSite""]","53","24","198","""""","""""","false","false","false","[{""url"":""https://vidrial.vercel.app/use-cases/podcasts"",""status"":200}]","valid-json","[]","[""route-tree"",""sitemap""]",""""""
"https://vidrial.vercel.app/use-cases/product-demos","use-case","200","https://vidrial.vercel.app/use-cases/product-demos","https://vidrial.vercel.app/use-cases/product-demos","[""https://vidrial.vercel.app/use-cases/product-demos""]","1","true","true","true","true","index,follow","true","AI Video Editing for Product Demos — Vidrial","44","Combine screen recording and camera footage into a concise, editable product demo with clear pacing and captions.","113","[""A demo people actually finish.""]","{""title"":""AI Video Editing for Product Demos — Vidrial"",""description"":""Combine screen recording and camera footage into a concise, editable product demo with clear pacing and captions."",""image"":""https://vidrial.vercel.app/social/vidrial-social-card.png"",""url"":""https://vidrial.vercel.app/use-cases/product-demos""}","{""card"":""summary_large_image"",""title"":""AI Video Editing for Product Demos — Vidrial"",""description"":""Combine screen recording and camera footage into a concise, editable product demo with clear pacing and captions."",""image"":""https://vidrial.vercel.app/social/vidrial-social-card.png""}","[""Organization"",""WebSite""]","53","24","209","""""","""""","false","false","false","[{""url"":""https://vidrial.vercel.app/use-cases/product-demos"",""status"":200}]","valid-json","[]","[""route-tree"",""sitemap""]",""""""
"https://vidrial.vercel.app/use-cases/short-form","use-case","200","https://vidrial.vercel.app/use-cases/short-form","https://vidrial.vercel.app/use-cases/short-form","[""https://vidrial.vercel.app/use-cases/short-form""]","1","true","true","true","true","index,follow","true","Long-Form to Short-Form Video Repurposing — Vidrial","51","Find distinct hooks in long-form video and prepare editable vertical drafts with captions for Shorts, Reels and TikTok.","119","[""Hook, hold, cut.""]","{""title"":""Long-Form to Short-Form Video Repurposing — Vidrial"",""description"":""Find distinct hooks in long-form video and prepare editable vertical drafts with captions for Shorts, Reels and TikTok."",""image"":""https://vidrial.vercel.app/social/vidrial-social-card.png"",""url"":""https://vidrial.vercel.app/use-cases/short-form""}","{""card"":""summary_large_image"",""title"":""Long-Form to Short-Form Video Repurposing — Vidrial"",""description"":""Find distinct hooks in long-form video and prepare editable vertical drafts with captions for Shorts, Reels and TikTok."",""image"":""https://vidrial.vercel.app/social/vidrial-social-card.png""}","[""Organization"",""WebSite""]","53","24","201","""""","""""","false","false","false","[{""url"":""https://vidrial.vercel.app/use-cases/short-form"",""status"":200}]","valid-json","[]","[""route-tree"",""sitemap""]",""""""
"https://vidrial.vercel.app/use-cases/youtube","use-case","200","https://vidrial.vercel.app/use-cases/youtube","https://vidrial.vercel.app/use-cases/youtube","[""https://vidrial.vercel.app/use-cases/youtube""]","1","true","true","true","true","index,follow","true","AI Video Editing for YouTube Creators — Vidrial","47","Turn long YouTube recordings into a reviewable first cut, captions and vertical clip drafts while keeping manual timeline control.","130","[""First cuts for YouTube — without the weekend.""]","{""title"":""AI Video Editing for YouTube Creators — Vidrial"",""description"":""Turn long YouTube recordings into a reviewable first cut, captions and vertical clip drafts while keeping manual timeline control."",""image"":""https://vidrial.vercel.app/social/vidrial-social-card.png"",""url"":""https://vidrial.vercel.app/use-cases/youtube""}","{""card"":""summary_large_image"",""title"":""AI Video Editing for YouTube Creators — Vidrial"",""description"":""Turn long YouTube recordings into a reviewable first cut, captions and vertical clip drafts while keeping manual timeline control."",""image"":""https://vidrial.vercel.app/social/vidrial-social-card.png""}","[""Organization"",""WebSite""]","53","24","219","""""","""""","false","false","false","[{""url"":""https://vidrial.vercel.app/use-cases/youtube"",""status"":200}]","valid-json","[]","[""route-tree"",""sitemap""]",""""""
"https://vidrial.vercel.app/verify-email","authentication","200","https://vidrial.vercel.app/verify-email","""""","[]","0","false","false","false","true","noindex,nofollow","false","Verify email — Vidrial","22","Turn authorised long-form video into explainable, editable short clips with AI-assisted planning, captions and reframing.","121","[""Check your inbox.""]","{""title"":""Vidrial — AI video editing that understands your project"",""description"":""Turn authorised long-form video into explainable, editable short clips with AI-assisted planning, captions and reframing."",""image"":""https://vidrial.vercel.app/social/vidrial-social-card.png"",""url"":""https://vidrial.vercel.app/""}","{""card"":""summary_large_image"",""title"":""Vidrial — AI video editing that understands your project"",""description"":""Turn authorised long-form video into explainable, editable short clips with AI-assisted planning, captions and reframing."",""image"":""https://vidrial.vercel.app/social/vidrial-social-card.png""}","[""Organization"",""WebSite""]","1","2","67","""""","""""","false","false","false","[{""url"":""https://vidrial.vercel.app/verify-email"",""status"":200}]","valid-json","[]","[""route-tree""]",""""""
"https://vidrial.vercel.app/youtube-clipper","marketing-public","200","https://vidrial.vercel.app/youtube-clipper","https://vidrial.vercel.app/youtube-clipper","[""https://vidrial.vercel.app/youtube-clipper""]","1","true","true","true","true","index,follow","true","YouTube Video Clipper — Turn Long Videos Into Shorts | Vidrial","62","Find complete moments in authorised YouTube videos, correct captions and export editable clips for Shorts, Reels and TikTok.","124","[""Turn one long video into clips worth watching.""]","{""title"":""YouTube Video Clipper — Turn Long Videos Into Shorts | Vidrial"",""description"":""Find complete moments in authorised YouTube videos, correct captions and export editable clips for Shorts, Reels and TikTok."",""image"":""https://vidrial.vercel.app/social/vidrial-social-card.png"",""url"":""https://vidrial.vercel.app/youtube-clipper""}","{""card"":""summary_large_image"",""title"":""YouTube Video Clipper — Turn Long Videos Into Shorts | Vidrial"",""description"":""Find complete moments in authorised YouTube videos, correct captions and export editable clips for Shorts, Reels and TikTok."",""image"":""https://vidrial.vercel.app/social/vidrial-social-card.png""}","[""Organization"",""WebSite"",""SoftwareApplication""]","12","25","821","""""","""""","false","false","false","[{""url"":""https://vidrial.vercel.app/youtube-clipper"",""status"":200}]","valid-json","[]","[""route-tree"",""sitemap""]",""""""
